Name,Target Link,Image URL,Page Number,Scraped At
7up,/target/7up,https://assets.turbologo.com/blog/en/2020/02/19084627/7up-cover.jpg,1,2025-09-10T00:07:42Z
Acqua Panna,/target/acquapanna,https://www.nestle.com/sites/default/files/styles/thumbnail/public/acqua-panna-logo-round.png,1,2025-09-10T00:07:42Z
Actimel,/target/actimel,https://brandemia.org/contenido/subidas/2014/03/actimel_logo_principal1.jpg,1,2025-09-10T00:07:42Z
Activia,/target/activia,https://seeklogo.com/images/D/danone-activia-logo-4976BD71EE-seeklogo.com.png,1,2025-09-10T00:07:42Z
Adidas,/target/adidas,https://cdn.britannica.com/94/193794-050-0FB7060D/Adidas-logo.jpg,1,2025-09-10T00:07:42Z
Aerin,/target/aerin,https://d1yjjnpx0p53s8.cloudfront.net/styles/logo-thumbnail/s3/032016/untitled-1_33.png?itok=0-2RSCtz,1,2025-09-10T00:07:42Z
Aero,/target/aero,https://www.nestle.com/sites/default/files/styles/thumbnail/public/asset-library/publishingimages/brands/chocolate-confectionery/aero-logo-round.png,1,2025-09-10T00:07:42Z
Aesop,/target/aesop,https://brandlogos.net/wp-content/uploads/2022/05/aesop-logo_brandlogos.net_pedrx.png,1,2025-09-10T00:07:42Z
Agoda,/target/agoda,https://logowik.com/content/uploads/images/agoda7659.jpg,1,2025-09-10T00:07:42Z
Ahava,/target/ahava,https://www.luxurylabcosmetics.it/wp-content/uploads/2019/06/logos-HP_ahava.jpg,1,2025-09-10T00:07:42Z
Airbnb,/target/airbnb,https://s.yimg.com/uu/api/res/1.2/Bz8iDlw16Zf6PVc.y33xdg--~B/aD0zOTA7dz02MTA7YXBwaWQ9eXRhY2h5b24-/http://globalfinance.zenfs.com/Finance/US_AHTTP_ENTREPRENEUR_H_NEW_LIVE/1405612741-airbnb-why-new-logo_original.jpg,1,2025-09-10T00:07:42Z
Airwaves,/target/airwaves,https://aus.mars.com/sites/g/files/jydpyr531/files/styles/brands_grid/public/2019-07/airwaves%20%282%29.png,1,2025-09-10T00:07:42Z
Aldi Nord (not UK),/target/aldinord,https://logowik.com/content/uploads/images/aldi8490.jpg,1,2025-09-10T00:07:42Z
Alpro,/target/alpro,https://d3hjzzsa8cr26l.cloudfront.net/7455de6e-2600-11e8-93fa-4bf4c46cb1e4.jpg?zcw=786&zch=786&zct=0&zcl=83,1,2025-09-10T00:07:42Z
Always,/target/always,https://images.ctfassets.net/aqfuj2z95p5p/6wCF01XuXegMHkkBZ3hao3/7943e9f78c73c7cc28d8b9bccf329fce/Always_EN_UK_Homepage_Always-logo-OG.jpg,1,2025-09-10T00:07:42Z
Amazon,/target/amazon,https://1000logos.net/wp-content/uploads/2016/10/Amazon-logo-meaning.jpg,1,2025-09-10T00:07:42Z
Ambipur,/target/ambipur,https://logonoid.com/images/ambi-pur-logo.jpg,1,2025-09-10T00:07:42Z
American Eagle,/target/americaneagle,https://logowik.com/content/uploads/images/american-eagle-outfitters7114.jpg,1,2025-09-10T00:07:42Z
Amika,/target/amika,https://www.loveamika.co.uk/c-images/fb-image.png,1,2025-09-10T00:07:42Z
Appletiser,/target/appletiser,https://www.coca-colacompany.com/content/dam/company/us/en/brands/logos/appletiser-logo.png,1,2025-09-10T00:07:42Z
Aptamil,/target/aptamil,https://m.media-amazon.com/images/S/gladiator-image-upload-prod/1/A1F83G8C2ARO7P/3bab32d28f3163d50886787666d98b3b.png,1,2025-09-10T00:07:42Z
Aquafina,/target/aquafina,https://d1yjjnpx0p53s8.cloudfront.net/styles/logo-thumbnail/s3/072017/untitled-4_4.png,1,2025-09-10T00:07:42Z
Aquarius,/target/aquarius,https://www.coca-colacompany.com/content/dam/company/us/en/brands/logos/aquarius-logo.png,1,2025-09-10T00:07:42Z
Aramis,/target/aramis,https://www.thefragrancecounter.co.uk/user/brands/Aramis-logo.jpg,1,2025-09-10T00:07:42Z
Ariel,/target/ariel,https://static.wikia.nocookie.net/logopedia/images/2/29/Ariel_logo_2006.png,1,2025-09-10T00:07:42Z
Arwa,/target/arwa,https://static1.squarespace.com/static/5864860159cc68953ac8600c/t/5f453f211583ee7c9ab872a2/1598373670070/arwa_cover_small_social.jpg?format=1500w,1,2025-09-10T00:07:42Z
Aussie,/target/aussie,https://images.ctfassets.net/zyvr84rwvj68/34O3XfqFR60G6mcU6mooyq/d599d420ba23eedf3751029bce22ff43/Aussie.jpg,1,2025-09-10T00:07:42Z
Aviva,/target/aviva,https://i0.wp.com/fourteenten.com/wp-content/uploads/2017/03/AVIVA-Client-Logo-Image.png,1,2025-09-10T00:07:42Z
AXA,/target/axa,https://www.tabletalkmedia.co.uk/wp-content/uploads/2015/03/axa.png,1,2025-09-10T00:07:42Z
Axe,/target/axe,https://cdn.sanity.io/images/92ui5egz/production/b953900d039e64d54e396b500343f64065fe3f62-280x280.jpg?w=375&h=375&fit=crop&auto=format,1,2025-09-10T00:07:42Z
BAE Systems,/target/bae,https://rocketandcloud.co.uk/wp-content/uploads/2022/02/bae-logo-6-1-550x360.png,1,2025-09-10T00:07:42Z
Bally,/target/bally,https://1000logos.net/wp-content/uploads/2021/04/Bally-Logo-old.png,1,2025-09-10T00:07:42Z
Bank of America,/target/bankofamerica,https://icons.veryicon.com/png/o/business/bank-logo-collection/bank-of-america-logo.png,1,2025-09-10T00:07:42Z
Bank of Montreal,/target/bankofmontreal,https://bayviewleasidebia.com/wp-content/uploads/2022/08/BMO.png,1,2025-09-10T00:07:42Z
Barbican,/target/barbican,https://m.media-amazon.com/images/S/stores-image-uploads-eu-prod/9/AmazonStores/A21TJRUUN4KGV/e6a4dc4396b5e27b1abc99ce5dacb555.w600.h600.png,1,2025-09-10T00:07:42Z
Barclays,/target/barclays,https://www.openbanking.org.uk/wp-content/uploads/2021/04/Barclays-Bank-logo.png,1,2025-09-10T00:07:42Z
Bath & Body Works,/target/bathbodyworks,https://i.pinimg.com/originals/b1/df/c2/b1dfc2670f0ba2913a3aaca3b12630ae.jpg,1,2025-09-10T00:07:42Z
Bayer Pharmaceuticals,/target/bayer,https://download.logo.wine/logo/Bayer/Bayer-Logo.wine.png,1,2025-09-10T00:07:42Z
Belvita,/target/belvita,https://images.ctfassets.net/zo243s55pyir/33Uz4L8o8OoYMYU2qw1BNM/96b6ee1125e56d490db78f3f6dfc245d/belVita.png?fm=webp&q=80,1,2025-09-10T00:07:42Z
Ben & Jerry's,/target/benandjerrys,https://cdn.sanity.io/images/92ui5egz/production/bdfd6b3653902d668fa8fa5c430ab63be1676271-280x280.png?w=375&h=375&fit=crop&auto=format,1,2025-09-10T00:07:42Z
Ben's Originals,/target/bensoriginals,https://aus.mars.com/sites/g/files/jydpyr531/files/styles/brands_grid/public/2023-07/FINAL%20Bens%20Original%20Orange_RBG_1080x1080.jpeg,1,2025-09-10T00:07:42Z
Benefit Cosmetics,/target/benefitcosmetics,https://i.pinimg.com/originals/65/91/ac/6591ace8410edaa621889844694846ad.png,1,2025-09-10T00:07:42Z
Berskha,/target/bershka,https://www.gran-turismo.com/gtsport/decal/5116669801193833472_1.png,1,2025-09-10T00:07:42Z
BIOTHERM,/target/biotherm,https://d1yjjnpx0p53s8.cloudfront.net/styles/logo-thumbnail/s3/0000/0889/brand.gif,1,2025-09-10T00:07:42Z
BNP Paribas,/target/bnpparibas,https://www.fintechfutures.com/files/2017/04/BNP-Paribas.png,1,2025-09-10T00:07:42Z
BNY Mellon,/target/bnymellon,https://download.logo.wine/logo/The_Bank_of_New_York_Mellon/The_Bank_of_New_York_Mellon-Logo.wine.png,1,2025-09-10T00:07:42Z
Bobbi Brown,/target/bobbibrown,https://yt3.googleusercontent.com/ytc/APkrFKYxzT0Ta2tKaKQmlN707g61WXokGqJK1oaGZHFmVw=s900-c-k-c0x00ffffff-no-rj,1,2025-09-10T00:07:42Z
Body Armor,/target/bodyarmor,https://toppng.com/uploads/preview/body-armor-logo-bodyarmor-sports-drink-logo-115629020450ktd7fx7vm.png,1,2025-09-10T00:07:42Z
Boeing,/target/boeing,https://marvel-b1-cdn.bc0a.com/f00000000163918/www.care.org/wp-content/uploads/2021/10/Boeing.png,1,2025-09-10T00:07:42Z
Bold,/target/bold,https://images.ctfassets.net/zyvr84rwvj68/6LLHcCt51Sc0m0s4SigqAE/dd76765a1e15c755772c625f9c171fe0/Bold-2in1.jpg,1,2025-09-10T00:07:42Z
Bomaja,/target/bomaja,https://m.media-amazon.com/images/I/91XMctP5PKL.jpg,1,2025-09-10T00:07:42Z
Bon Aqua,/target/bonaqua,https://www.coca-colahellenic.com/content/dam/cch/us/images/our-24-7-portfolio/brand-image/bonaqua-logo-300x300-1.png,1,2025-09-10T00:07:42Z
Booking.com,/target/booking,https://is1-ssl.mzstatic.com/image/thumb/Purple116/v4/ee/0d/be/ee0dbe86-9a9d-d313-968e-b274af9c5ed8/AppIcon-0-0-1x_U007emarketing-0-7-0-0-85-220.jpeg/460x0w.webp,1,2025-09-10T00:07:42Z
Bounty,/target/bounty,https://aus.mars.com/sites/g/files/jydpyr531/files/styles/brands_grid/public/2019-07/Mars%20Wrigley%20product%20logos%20web%20Bounty%20Large_0.png?itok=sn1ZIgbl,1,2025-09-10T00:07:42Z
Bounty Paper Towels,/target/bountypapertowels,https://upload.wikimedia.org/wikipedia/en/c/c5/Bounty_logo.png,1,2025-09-10T00:07:42Z
BP (British Petroleum),/target/bp,https://bp.com/content/dam/bp/business-sites/en/global/corporate/images-jpg-png/who-we-are/bp-helios-card.png,1,2025-09-10T00:07:42Z
Braun,/target/braun,https://images.easyfundraising.org.uk/retailer/cropped/logo-braun-household-uk-1685708000.jpg,1,2025-09-10T00:07:42Z
Bulgari / Bvlgari,/target/bulgari,https://i.pinimg.com/474x/7f/c8/da/7fc8da6228e191ea00825ce5f374e565.jpg,1,2025-09-10T00:07:42Z
Burger King,/target/burgerking,https://upload.wikimedia.org/wikipedia/commons/thumb/8/85/Burger_King_logo_%281999%29.svg/512px-Burger_King_logo_%281999%29.svg.png,1,2025-09-10T00:07:42Z
Buxton,/target/buxton,https://www.nestle.com/sites/default/files/styles/thumbnail/public/buxton-logo-round.png,1,2025-09-10T00:07:42Z
Cadbury,/target/cadbury,https://images.ctfassets.net/zo243s55pyir/7pLb9yX7cZQm6558txcicr/69a8127712dd0c432ee7c934104248ba/Cadbury.png?fm=webp&q=80,1,2025-09-10T00:07:42Z
Capital One,/target/capitalone,https://www.capitalone.co.uk/cloud_assets/png/capital-one-logo.png,1,2025-09-10T00:07:42Z
Caribou Coffee,/target/cariboucoffee,https://seeklogo.com/images/C/caribou-coffee-logo-77816BAC85-seeklogo.com.png,1,2025-09-10T00:07:42Z
Carmel Agrexco,/target/carmelagrexco,https://image.pitchbook.com/bFcn5EDrs27XHGn26QD5g2BNSKX1539722675938_200x200,1,2025-09-10T00:07:42Z
Carnation,/target/carnation,https://www.nestle.com/sites/default/files/styles/thumbnail/public/asset-library/publishingimages/brands/dairy/carnation-logo-round.png,1,2025-09-10T00:07:42Z
Carrefour,/target/carrefour,https://logowik.com/content/uploads/images/210_carrefour.jpg,1,2025-09-10T00:07:42Z
Carte D'Or Ice Creams,/target/cartedor,https://s3.eu-west-2.amazonaws.com/img.creativepool.com/files/candidate/portfolio/full/857631.jpg,1,2025-09-10T00:07:42Z
Caterpillar,/target/caterpillar,https://1000logos.net/wp-content/uploads/2016/11/Colors-of-the-caterpillar-logo.jpg,1,2025-09-10T00:07:42Z
Catsan,/target/catsan,https://aus.mars.com/sites/g/files/jydpyr531/files/styles/brands_grid/public/2019-07/catsan.png,1,2025-09-10T00:07:42Z
Celebrations,/target/celebrations,https://aus.mars.com/sites/g/files/jydpyr531/files/styles/brands_grid/public/2019-07/Mars%20Wrigley%20product%20logos%20web%20Celebrations%20Small.png?itok=pkIvvev0,1,2025-09-10T00:07:42Z
Celine,/target/celine,https://fashionista.com/.image/ar_1:1%2Cc_fill%2Ccs_srgb%2Cfl_progressive%2Cq_auto:good%2Cw_1200/MTU4MTczNTkyNjAzODYyMzEz/hedi-slimane-celine-new-logo.jpg,1,2025-09-10T00:07:42Z
Cerave,/target/cerave,https://skinmiles.com/wp-content/uploads/2023/10/CeraVe-logo-brand-page-300x300.jpg,1,2025-09-10T00:07:42Z
Chanel,/target/chanel,https://d1yjjnpx0p53s8.cloudfront.net/styles/logo-thumbnail/s3/102013/chanel_black.png,1,2025-09-10T00:07:42Z
Charmin,/target/charmin,https://upload.wikimedia.org/wikipedia/en/b/b9/Charmin.png,1,2025-09-10T00:07:42Z
Cheapflights,/target/cheapflights,https://www.cheapflights.co.uk/news/wp-content/uploads/sites/138/2020/03/default-post-thumbnail-1640x1312.png,1,2025-09-10T00:07:42Z
Cheerios,/target/cheerios,https://www.nestle.com/sites/default/files/styles/thumbnail/public/cereals-cheerios-logo.png,1,2025-09-10T00:07:42Z
Cheetos,/target/cheetos,https://d1yjjnpx0p53s8.cloudfront.net/styles/logo-thumbnail/s3/0010/0838/brand.gif,1,2025-09-10T00:07:42Z
Cif,/target/cif,https://cdn.sanity.io/images/92ui5egz/production/5b3550003de32697bef8264cca1e4e222dab891e-1920x1080.jpg?rect=420;0;1080;1080&w=375&h=375&fit=crop&auto=format,1,2025-09-10T00:07:42Z
Clear Blue,/target/clearblue,https://i.pinimg.com/280x280_RS/e5/76/34/e5763410888540ccff2a9f8d4c18dacc.jpg,1,2025-09-10T00:07:42Z
Clinique,/target/clinique,https://d1yjjnpx0p53s8.cloudfront.net/styles/logo-thumbnail/s3/0001/5427/brand.gif?Gt6PPdgJuur6AEtnU2Im_sunXs3XuZbo&itok=o_eLBdUe,1,2025-09-10T00:07:42Z
Coca-Cola,/target/cocacola,https://www.coca-colacompany.com/content/dam/company/us/en/brands/logos/coca-cola-logo.png,1,2025-09-10T00:07:42Z
Coffee Mate,/target/coffeemate,https://www.nestle.com/sites/default/files/styles/thumbnail/public/coffee-mate-logo-round_7.png,1,2025-09-10T00:07:42Z
Comfort,/target/comfort,https://cdn.sanity.io/images/92ui5egz/production/a8c2ae9b3e2c4dae8c7223a81b8dd49f98cfd266-1080x1080.png?w=375&h=375&fit=crop&auto=format,1,2025-09-10T00:07:42Z
Conservative party,/target/conservative,https://images.crunchbase.com/image/upload/c_lpad;f_auto;q_auto:eco;dpr_1/ik2bctvydwmkecjghspk,1,2025-09-10T00:07:42Z
Cornetto Ice Creams,/target/cornetto,https://cdn.sanity.io/images/92ui5egz/production/911b7828e3d316d99652c1e2792bea6e70fbf5df-1080x1080.png?w=375&h=375&fit=crop&auto=format,1,2025-09-10T00:07:42Z
Costa Coffee,/target/costacoffee,https://www.coca-colacompany.com/content/dam/company/us/en/brands/logos/costa-logo.png,1,2025-09-10T00:07:42Z
Coty,/target/coty,https://1000logos.net/wp-content/uploads/2020/10/Coty-Logo-2016.png,1,2025-09-10T00:07:42Z
Cow & Gate,/target/cowgate,https://robclarke.com/wp-content/uploads/2018/10/cow_4.jpg,1,2025-09-10T00:07:42Z
Crest Toothpaste,/target/crest,https://s3.amazonaws.com/jebbit-assets/images/AJspnLDj/business-images/dmzXkjQTyiHLkW58IBqQ_Crest_LOGO_alt_1.png,1,2025-09-10T00:07:42Z
Curver,/target/curver,https://adlai-partners.com/wp-content/uploads/curver_logo.jpg,1,2025-09-10T00:07:42Z
Daim,/target/daim,https://images.ctfassets.net/zo243s55pyir/4SX3RXqioh4AR6q5u8ljaG/659b69accb0e9bf560edf5b752943b61/daim_logo_rgb_no202002.png?fm=webp&q=80,1,2025-09-10T00:07:42Z
Dairy Milk,/target/dairymilk,https://images.ctfassets.net/zo243s55pyir/3clKilc2KlCbFteKgQ92FW/7f719d79e655fd319171cfebcbe08b40/CDM.png?fm=webp&q=80,1,2025-09-10T00:07:42Z
Danone,/target/danone,https://1000logos.net/wp-content/uploads/2020/03/Danone-Logo-2005.jpg,1,2025-09-10T00:07:42Z
Dasani Water,/target/dasani,https://www.coca-colacompany.com/content/dam/company/us/en/brands/logos/dasani-logo.png,1,2025-09-10T00:07:42Z
Delilah,/target/delilah,https://pbs.twimg.com/profile_images/2718900474/0e9f77f92dcce4e473c0c379188ebdda_400x400.png,1,2025-09-10T00:07:42Z
Dell,/target/dell,https://upload.wikimedia.org/wikipedia/commons/thumb/1/18/Dell_logo_2016.svg/1200px-Dell_logo_2016.svg.png,1,2025-09-10T00:07:42Z
Desert Diamond,/target/desertdiamond,https://www.islam21c.com/wp-content/uploads/desert.png,1,2025-09-10T00:07:42Z
Diesel Frangrances,/target/diesel,https://d1yjjnpx0p53s8.cloudfront.net/styles/logo-thumbnail/s3/0012/4528/brand.gif,1,2025-09-10T00:07:42Z
Diet Coke,/target/dietcoke,https://www.coca-colacompany.com/content/dam/company/us/en/brands/logos/dietCoke_transparency.png,1,2025-09-10T00:07:42Z
DKNY,/target/dkny,https://cdn.freebiesupply.com/logos/thumbs/2x/dkny-2-logo.png,1,2025-09-10T00:07:42Z
Dine,/target/dine,https://aus.mars.com/sites/g/files/jydpyr531/files/styles/brands_grid/public/2019-07/dine.png,2,2025-09-10T00:07:44Z
Dior / Christian Dior,/target/dior,https://dynl.mktgcdn.com/p/KfI5g-nDtylqhtl1RdhWzG0DMJ7sGl0lGfr3EARlPtQ/500x500.jpg,2,2025-09-10T00:07:44Z
Disney,/target/disney,https://www.trustedreviews.com/wp-content/uploads/sites/54/2022/02/Disney-Plus-logo-920x518.jpg,2,2025-09-10T00:07:44Z
Dogadan,/target/dogadan,https://www.tokfood.com/image/cache/catalog/brands/logo_dogadan_1-256x256.png,2,2025-09-10T00:07:44Z
Dolce Gusto,/target/dolcegusto,https://upload.wikimedia.org/wikipedia/commons/2/23/Nescafe_dolcegusto_logo.png,2,2025-09-10T00:07:44Z
Dolmio,/target/dolmio,https://aus.mars.com/sites/g/files/jydpyr531/files/styles/brands_grid/public/2019-04/Logos_Dolmio.png,2,2025-09-10T00:07:44Z
Domestos,/target/domestos,https://cdn.sanity.io/images/92ui5egz/production/9c1c07e7e468bc88ebf369dce27e46fb8134b330-1080x1080.jpg?w=375&h=375&fit=crop&auto=format,2,2025-09-10T00:07:44Z
Doritos,/target/doritos,https://d1yjjnpx0p53s8.cloudfront.net/styles/logo-thumbnail/s3/0019/5529/brand.gif,2,2025-09-10T00:07:44Z
Dove,/target/dove,https://cdn.sanity.io/images/92ui5egz/production/db75ae243befa00aa3cdb2eaf546b0c3aa2ab5d2-1080x1080.jpg?w=375&h=375&fit=crop&auto=format,2,2025-09-10T00:07:44Z
Dr Pepper,/target/drpepper,https://www.coca-cola.com/content/dam/onexp/gb/en/logos/v2/uk_dr_pepper_logo_286x180.png,2,2025-09-10T00:07:44Z
Eden Springs,/target/edensprings,https://images.crunchbase.com/image/upload/c_lpad;h_256;w_256;f_auto;q_auto:eco;dpr_1/v1469615776/asjzj7thdsrcofxhgz3l.png,2,2025-09-10T00:07:44Z
Elbit Systems,/target/elbit,https://static.stocktitan.net/company-logo/ESLT-lg.png,2,2025-09-10T00:07:44Z
Enjoy Life,/target/enjoylife,https://images.ctfassets.net/zo243s55pyir/3KCDiLTzI2Hl9SoBv8ZTwo/013c8d726daa2923c6c198accee095c2/EnjoyLife.png?fm=webp&q=80,2,2025-09-10T00:07:44Z
Espresso House,/target/espressohouse,https://images.squarespace-cdn.com/content/v1/62ab2d73fb56ea653d2d8ca1/5da2adb4-ad25-4789-be03-dcf952ed58e5/Espresso+House+Compressed.jpg,2,2025-09-10T00:07:44Z
Estee Lauder,/target/esteelauder,https://logowik.com/content/uploads/images/550_estee_lauder.jpg,2,2025-09-10T00:07:44Z
Evian,/target/evian,https://static.wikia.nocookie.net/logopedia/images/1/17/Evian_logo_live_young_white-X2.jpg/revision/latest?cb=20170312131139,2,2025-09-10T00:07:44Z
Express VPN,/target/expressvpn,https://media.wired.co.uk/photos/606d9e95fd9831b13e447120/4:3/w_2664;h_1998;c_limit/wired-express-vpn.jpg,2,2025-09-10T00:07:44Z
Facebook,/target/facebook,https://upload.wikimedia.org/wikipedia/commons/6/6c/Facebook_Logo_2023.png,2,2025-09-10T00:07:44Z
Fairlife,/target/fairlife,https://pbs.twimg.com/ext_tw_video_thumb/870299464937951233/pu/img/95vVRzO2de_rr3OJ.jpg,2,2025-09-10T00:07:44Z
Fairy,/target/fairy,https://upload.wikimedia.org/wikipedia/en/5/59/Fairy_logo.png,2,2025-09-10T00:07:44Z
Fanta,/target/fanta,https://www.coca-colacompany.com/content/dam/company/us/en/brands/logos/fanta-logo.png,2,2025-09-10T00:07:44Z
Febreze,/target/febreze,https://upload.wikimedia.org/wikipedia/commons/thumb/7/72/Febreze_Logo.svg/462px-Febreze_Logo.svg.png,2,2025-09-10T00:07:44Z
Felix,/target/felix,https://www.nestle.com/sites/default/files/styles/thumbnail/public/felix-logo-square-2023.png,2,2025-09-10T00:07:44Z
Fendi,/target/fendi,https://i.pinimg.com/originals/c4/6a/bc/c46abcf81b48d73f67a371033f2a8699.png,2,2025-09-10T00:07:44Z
Fenty Beauty by Rihanna,/target/fenty,https://seeklogo.com/images/F/fenty-logo-C76A749839-seeklogo.com.png,2,2025-09-10T00:07:44Z
Ferrero,/target/ferrero,https://logowik.com/content/uploads/images/ferrero2322.logowik.com.webp,2,2025-09-10T00:07:44Z
Ferrero Rocher,/target/ferrerorocher,https://logowik.com/content/uploads/images/ferrero-rocher.jpg,2,2025-09-10T00:07:44Z
Fiverr,/target/fiverr,https://mms.businesswire.com/media/20230510006090/en/827135/22/Fiverr_September_2020_Logo.jpg,2,2025-09-10T00:07:44Z
Flash,/target/flash,https://www.cleaningsuppliesuk.co.uk/media/solwin/ourbrand/brand/image/f/l/flash_logo.jpg,2,2025-09-10T00:07:44Z
Fuzetea,/target/fuzetea,https://static.wikia.nocookie.net/logopedia/images/6/62/FuzeTea_.PNG/revision/latest?cb=20180709165105,2,2025-09-10T00:07:44Z
G4S,/target/g4s,https://www.infologue.com/wp-content/uploads/2021/08/G4S-Logo.png,2,2025-09-10T00:07:44Z
Game Fuel,/target/gamefuel,https://media.giphy.com/avatars/MTNDEWGAMEFUEL/igP0vcVwmx8u.png,2,2025-09-10T00:07:44Z
Garnier,/target/garnier,https://d1yjjnpx0p53s8.cloudfront.net/styles/logo-thumbnail/s3/072019/garnier_logo.jpg?Hc_rMssrG43ZcRMFKa6QdUcGRKyr5oP8&itok=TPiNcSQp,2,2025-09-10T00:07:44Z
Gatorade,/target/gatorade,https://d1yjjnpx0p53s8.cloudfront.net/styles/logo-thumbnail/s3/0019/1244/brand.gif,2,2025-09-10T00:07:44Z
Gillette,/target/gillette,https://i.pinimg.com/736x/20/47/b8/2047b8ff614a863dba63d27a54a0a1fb.jpg,2,2025-09-10T00:07:44Z
Giorgio Armani Beauty,/target/giorgioarmani,https://encrypted-tbn0.gstatic.com/images?q=tbn:ANd9GcTihVZ6h9Are1xzGGeBlltY1uVSlkblolMzowx4AV7hEXFYMawBy7krb_Ut0Tm7w8RfgNw&usqp=CAU,2,2025-09-10T00:07:44Z
Givenchy,/target/givenchy,https://i.pinimg.com/originals/3d/a0/35/3da0354353d0d7dc17f95af8ebc3efb8.png,2,2025-09-10T00:07:44Z
Glaceau Smartwater,/target/glaceuasmartwater,https://www.coca-colacompany.com/content/dam/company/us/en/brands/logos/smartwater-logo.png,2,2025-09-10T00:07:44Z
Google,/target/google,https://download.logo.wine/logo/Google/Google-Logo.wine.png,2,2025-09-10T00:07:44Z
Grenade,/target/grenade,https://scontent-lhr6-2.xx.fbcdn.net/v/t39.30808-6/352571597_625285432995900_5637396694872544308_n.jpg?_nc_ohc=LvXxPme7dBAAX8-FBSt&_nc_ht=scontent-lhr6-2.xx&oh=00_AfDI78NvMKaENP4SlkbXzZJMLP6pddNbU3XSNURgxfUonA&oe=65686BAA,2,2025-09-10T00:07:44Z
Hadiklaim,/target/hadiklaim,https://images.crunchbase.com/image/upload/c_lpad;f_auto;q_auto:eco;dpr_1/0beaf8640b1918f29ba3,2,2025-09-10T00:07:44Z
Halls,/target/halls,https://images.ctfassets.net/zo243s55pyir/4gZ0Ix9eqDiQ7Nxs1OvIn2/50f19059f1aec31a13bf2e5a39bea2c9/Halls.png?fm=webp&q=80,2,2025-09-10T00:07:44Z
Head and Shoulders,/target/headandshoulders,https://logowik.com/content/uploads/images/head-shoulders7079.jpg,2,2025-09-10T00:07:44Z
Hellman's,/target/hellmans,https://cdn.sanity.io/images/92ui5egz/production/8fe76fd805ab71155fd402e9a90e584e36231910-1080x1080.png?w=375&h=375&fit=crop&auto=format,2,2025-09-10T00:07:44Z
Herbal Essences,/target/herbalessences,https://crueltyfree.peta.org/wp-content/uploads/herbal-essences-scaled.jpg,2,2025-09-10T00:07:44Z
Hotel Chocolat,/target/hotelchocolat,https://aus.mars.com/sites/g/files/jydpyr531/files/styles/brands_grid/public/2019-07/twix%20%282%29.png?itok=euLB-mXk,2,2025-09-10T00:07:44Z
HP,/target/hp,data:image/png;base64;iVBORw0KGgoAAAANSUhEUgAAAQMAAADDCAMAAACxkIT5AAAAe1BMVEX///8AAABhYWFAQED6+vr19fXv7++Xl5f7+/tkZGTs7OzPz8/y8vK/v7/39/esrKyRkZHg4ODm5ubY2Ng4ODh9fX2CgoJNTU2Li4vHx8dwcHAzMzOwsLAaGhp2dnZbW1ssLCyenp4fHx8TExNUVFQjIyNDQ0O5ubmjo6OD7WlqAAAHn0lEQVR4nO2caUPqOhCGTxFEkEU2ERTZxf//C68cyeRtM0kKF+2EM88321A702QyW/vnj6IoiqIoiqIoiqIoiqIoiqIoiqIoiqIoiqIoiqIoiqIoN0hj3lq25pPnp/7joFP1zVTEIbMsPt7fBlXf0K/Q6Dbhr2VW5L3bqOzefofZPMtABx1HBUdas+pu8KfpNBdHEYf2yCergyzbNu+ru80fZDj5lm8Kx+48OjiuiaH3SqnSmRjh3uzBgV8FRy3c1lyoN61odXv4JaiDLHvqVXfL12a2t3LN4fgqooNscyvWsT5HsUCqx5gKvmjdxFR4XKBMe1gK7yV0kG1vYCo08yI9w6kyKvjiqbJ7vw71WkGgkT13YCVmWCa9HjrjgjgbOFlUj5/XhHfJ4aIozdqebJdWwZdRSDaWYlygtj3r85N5Rv5/I5mhK8kOTgf8ZI4kZwKjAvSTudO3poSGYwu+gNTA07k62KaXZ/pgxGjB+aif7DB+qEyYy5hzUpzpJ4dUmAC80YcBE3ZAhLX3/wlkxIrwYgfUL1FBlj1WJ9K5PLyyEsAe371MB6t0vOZnVoAxjHDzyeV4r0ymM+FXAq7m+wtVkM5q8HiA4Cf3L9bBa3VinYMnEMB88vRiHaSxN/Q8N186nxwhBXfR5wR34kNK8ez/11JoeG4d88kfd4ZijuUrLLAnka0dIT+h0nSk+qYLY6zj/9B4bOXHNd1LHmmMaMN94UfIoceFi0f8P8mHDv4S29B4XtItwptHBaFVjEqYBsaZ7Fv/2jd9ZXgvOZILA7/yLTTupOD9dW/52vh2vXHZX9WDA8sotHJ8VVSPpTPQuEiK4ORbTa53wz+ALzsElq53fwJ+RuMgy/JwAmfGaQ/Zh2dLtXiiJbbvYgXHzLiNFW6wH//ldQnjjI8tOXLyOYCcn9xkjsEkJzuJAYI5JtlF8MVCMHfJh+Lakqyx65FjCOEmbaJ3vyDLhfgyZGjpjHeMO4VRHVQjqSBbg3E2CSk3nzTz6AAsHVkMbnnAtN+ZY7D0ISJFz1sWa14FG3hq9Ci5MNIuD6pCLeDykISM7LUV4skS4nZujuHyMEsfqpHkZ6CwEF2FXOpq2fA64PLJMJnJ0sHyIIsIlhOTkNufF+Yy+M7b3HSmRwl1M2pLsjsAGRYsVOeSkLBbiCKeT6a+C1getAvC8qBFhbYvF45JDRk8NUSYzn1GBGZ52BYVuHq+WC+1W41vssLpbByBFRyj5WEPkR+F/mDeBw3G2BWyZnXA9V2AtSdLB1kW+i32XeQzE1I3Rz5whviQni/IxiwPWlO4AxaMjdTsMltPR0fA7J0om3m84DvT6jj4Ly618Mj23nKOACQEmTDS+gEYFRQui6l6SbA6gPP0KEE2xk+mKBL9y2KxPiUdwLolRwBDQbMUIBqmugv6AMWmVqk64OwByEHOX3h5kPHDJIHT1CrVHjD7AmYJzKNcQEaF1Ga79mg2YRnBKdZL3RfWrg5gG6foPxxG2nolJl2dBJXUhn7GT+T8ZMiKMH4yFapwxbtNrVJrTW688AFnzaPEKpGJjWB50BPH3LFbyJUaL7hxIzwtzk9mwkjyF3IZAreQKzVudFsPuP7kcBhJKfVPuDATkErNHzh5JK4/mWtLgiwLK6S76YrNIzmODDgCtE7Cy4PMKqqP6WmQm09c52+UdQRgx2OWB6XU0eYxTa1SQ2envgCOwAPnJ7thJM2M3FwvdOsUZpgwCnUmLmHGte/bLAubUuea/QR/JyLnzqEjwCTMuHILV2TkmloF1xvzvgz3vQvMJxtLZ4vrNFuw3s69ESO57pzzks7PJ88++3/5RA+Ia++R3H+AfShc3wV2XNPyiDSVMA2PG8l9KBg+R/LJZOliUTDT6Sa7HwkmLpjuYD45Mq+54pXopQBPDR0Bkx1Dc24s3SpyQaaWvYj8pGoo/D8/nxy+HvAZ/knlNE5b/BZyxxQLcssj/Akg9oUX8Y3rpyAAd3Bz75gHNRvIR/H3QH3ENnVIdg6+OblD01bNQHHQnT1GwsHyaO9qOZZ7V/4jYlMHlthHj7wC+d58KCB7Y/zG9yILC6YJfG8+FBBvDY6sz9ABl2UJIzdzkMP3DgMD/KrcW+CrimQ6l/Lv9cParnssYAGpOXWHUh/AOsJVI4NILbW69Mo901wYyX40oshGbp+yQ8nVAEXDch9EEB4s5Sm310MY6XsfLkcie4KByQU7YBhZ5i3wmve/yaReYoPkyi0BEvoIxokSn3mAMHJdQgdJOIh5oi/449Qu8eEwqZXmIDHn9zw/OUkVxCRbcFkWL0ntikhwOWBG5VZnwZF24Kto8GRjfvI+gbSJn97OKxiMivjJU8EV1lKUeAs8so3Kzx9G8Ux0yCeH/eRkouUQDc5vxmqkf71k2VL6hz/K0nVThZhP9mtge/BfNDV6jlUAS7/2quA5dWOYp523/dhk4Yuu5knviCwD1ELcT54n+B3dErTt63lwlPWTX25vDhDd7zZO7Npz7WWtm9oXdM+kc5gH/eT54VZ2wzAjeM7gPIxb/YRjo//BdLerzScv69nghk2AoiiKoiiKoiiKoiiKoiiKoiiKoiiKoiiKoiiKoiiKovyb/AdZ9lL6MpgBeQAAAABJRU5ErkJggg==,2,2025-09-10T00:07:44Z
HSBC,/target/hsbc,https://www.hsbc.co.uk/etc.clientlibs/dpws/clientlibs-public/clientlib-site/resources/social/logo/Square-1200x1200px.jpg,2,2025-09-10T00:07:44Z
Hubba Bubba,/target/hubbabubba,https://aus.mars.com/sites/g/files/jydpyr531/files/styles/brands_grid/public/2019-07/hubbabubba.png?itok=HpjwjqYt,2,2025-09-10T00:07:44Z
Hublot,/target/hublot,https://seeklogo.com/images/H/Hublot-logo-A48632AE5F-seeklogo.com.png,2,2025-09-10T00:07:44Z
Hyundai,/target/hyundai,https://pbs.twimg.com/profile_images/821433960639008768/_M06NaeP_400x400.jpg,2,2025-09-10T00:07:44Z
IAMS,/target/iams,https://aus.mars.com/sites/g/files/jydpyr531/files/styles/brands_grid/public/2019-07/iams.png,2,2025-09-10T00:07:44Z
Il Makiage,/target/ilmakiage,https://mms.businesswire.com/media/20210812005438/en/898712/22/IL_MAKIAGE_LOGO-01_thumbnail.jpg,2,2025-09-10T00:07:44Z
Indigo Books,/target/indigobooks,https://scarboroughtowncentre.com/wp-content/uploads/2021/11/9b0e5b28fdeb73b86ea47ceca4e1ac79c75c51a5.png,2,2025-09-10T00:07:44Z
Innocent Smoothies,/target/innocent,https://www.coca-colacompany.com/content/dam/company/us/en/brands/logos/innocent-logo.png,2,2025-09-10T00:07:44Z
Instagram,/target/instagram,https://img.freepik.com/premium-vector/modern-badge-logo-instagram-icon_578229-124.jpg,2,2025-09-10T00:07:44Z
Intel,/target/intel,https://logos-world.net/wp-content/uploads/2021/09/Intel-Logo.png,2,2025-09-10T00:07:44Z
IT Cosmetics,/target/itcosmetics,https://crueltyfree.peta.org/wp-content/uploads/it-cosmetics-logo.jpg,2,2025-09-10T00:07:44Z
Jaguar,/target/jaguar,https://1000logos.net/wp-content/uploads/2019/12/Jaguar-Logo.png,2,2025-09-10T00:07:44Z
Jo Malone,/target/jomalone,https://image.isu.pub/170203184809-3d22cddc0d5e27dd1d0ea2ce32b57baf/jpg/page_1.jpg,2,2025-09-10T00:07:44Z
Juicy Fruit,/target/juicyfruit,https://aus.mars.com/sites/g/files/jydpyr531/files/styles/brands_grid/public/2019-07/Mars%20Wrigley%20product%20logos%20web%20Juicy%20Fruit%20Small.png?itok=sksxiVyw,2,2025-09-10T00:07:44Z
Kayak,/target/kayak,https://www.kayak.co.uk/rimg/dimg/dynamic/376-1663588218-2020-2021_kayak_logo_k_square_kayak_77832.png,2,2025-09-10T00:07:44Z
Kenzo,/target/kenzo,https://logowik.com/content/uploads/images/kenzo8232.jpg,2,2025-09-10T00:07:44Z
Kerastase,/target/kerastase,https://static.couponfollow.com/kerastase-ca/logo.png,2,2025-09-10T00:07:44Z
Keter,/target/keter,https://images.crunchbase.com/image/upload/c_lpad;h_256;w_256;f_auto;q_auto:eco;dpr_1/v1469080356/d4wxa85xv4gueo1nwled.png,2,2025-09-10T00:07:44Z
KFC,/target/kfc,https://banner2.cleanpng.com/20180601/xyv/kisspng-colonel-sanders-kfc-dallas-crispy-fried-chicken-kfc-5b112003073f25.1634110215278489630297.jpg,2,2025-09-10T00:07:44Z
Kiehl's,/target/kiehls,https://d1yjjnpx0p53s8.cloudfront.net/styles/logo-thumbnail/s3/0023/3652/brand.gif,2,2025-09-10T00:07:44Z
Kilian,/target/kilian,https://parisgallery.ae/cdn/shop/collections/Kilian_Paris.webp?v=1678692711&width=2400,2,2025-09-10T00:07:44Z
Kinder,/target/kinder,https://logowik.com/content/uploads/images/kinder1963.jpg,2,2025-09-10T00:07:44Z
King Solomon,/target/kingsolomon,https://m.media-amazon.com/images/S/abs-image-upload-na/c/AmazonStores/ATVPDKIKX0DER/d56dbd6248ccc3b710a1eb02e2214c79.w428.h420.jpg,2,2025-09-10T00:07:44Z
KitKat,/target/kitkat,https://www.nestle.com/sites/default/files/styles/thumbnail/public/kitkat-logo-square-2023.png,2,2025-09-10T00:07:44Z
Knorr,/target/knorr,https://cdn.sanity.io/images/92ui5egz/production/e1b2dfa5598c94587747a2e58c588a8a0eb35580-1080x1080.jpg?w=375&h=375&fit=crop&auto=format,2,2025-09-10T00:07:44Z
Krispy Kreme,/target/krispykreme,https://1000logos.net/wp-content/uploads/2018/02/Krispy-Kreme-Logo.png,2,2025-09-10T00:07:44Z
KurKure,/target/kurkure,https://www.media4growth.com/public/uploads/editor/2019-03-19/1552966376.jpg,2,2025-09-10T00:07:44Z
Kylie Cosmetics,/target/kyliecosmetics,https://miro.medium.com/v2/resize:fit:1000/1*gSiQUzv3VJq8DVtMiwX93Q.jpeg,2,2025-09-10T00:07:44Z
La Mer,/target/lamer,https://fontmeme.com/images/Lar-Mer-Logo.jpg,2,2025-09-10T00:07:44Z
La Roche-Posay,/target/larocheposay,https://www.easypara.co.uk/media/easysoft/home/manufacturer/larocheposay-easyparapharmacie.jpg,2,2025-09-10T00:07:44Z
Lab Series,/target/labseries,https://encrypted-tbn0.gstatic.com/images?q=tbn:ANd9GcRhffPUZi481o-JRJqOPjP0TFaYaiIwqNQmmrSZ4TLbEw&s,2,2025-09-10T00:07:44Z
Labour party,/target/labour,https://ih1.redbubble.net/image.977949166.6470/flat;750x;075;f-pad;750x1000;f8f8f8.jpg,2,2025-09-10T00:07:44Z
Lancome,/target/lancome,https://d1yjjnpx0p53s8.cloudfront.net/styles/logo-thumbnail/s3/032011/untitled-1_392.png,2,2025-09-10T00:07:44Z
Land Rover (Range Rover),/target/landrover,https://i.pinimg.com/originals/27/2f/cd/272fcd3d1ac73529e35c8d9d420005fc.png,2,2025-09-10T00:07:44Z
Lavazza,/target/lavazza,https://logowik.com/content/uploads/images/lavazza9192.logowik.com.webp,2,2025-09-10T00:07:44Z
Lay's,/target/lays,https://i.pinimg.com/originals/08/15/b3/0815b39bbb315d4aaf50b260de14a653.jpg,2,2025-09-10T00:07:44Z
Legal & General,/target/legalgeneral,https://www.ssauk.com/static/1a44dd2e-2998-4ac6-b3e6862e16399b85/supplierdirectorydetaillogo_c3bb2391eae9a41b60845257246fad14/Legal-General.png,2,2025-09-10T00:07:44Z
Lenor,/target/lenor,https://www.pattersons.co.uk/media/solwin/ourbrand/brand/image/l/e/lenor.jpg,2,2025-09-10T00:07:44Z
Lidl,/target/lidl,https://download.logo.wine/logo/Lidl/Lidl-Logo.wine.png,2,2025-09-10T00:07:44Z
Lion,/target/lion,https://www.nestle.com/sites/default/files/styles/thumbnail/public/cereals-lion-logo.png,2,2025-09-10T00:07:44Z
Lipton,/target/lipton,https://d1yjjnpx0p53s8.cloudfront.net/styles/logo-thumbnail/s3/012023/lipton.png?fbRyRvf2gy6O8JQcQhfxkr8O.CxRGBk.&itok=uZ6IQzoY,2,2025-09-10T00:07:44Z
Lipton Iced Tea,/target/liptonicedtea,https://upload.wikimedia.org/wikipedia/en/f/fc/LIPTON_PRIMARY_RGB_BMT.png,2,2025-09-10T00:07:44Z
Lloyds Bank,/target/lloyds,https://www.lloydsbankinggroup.com/assets/images/site-wide/logos/png/lloyds-bank-300.png,2,2025-09-10T00:07:44Z
Lockheed Martin,/target/lockheedmartin,https://pbs.twimg.com/profile_images/1635287976044548108/tNkqLQPN_400x400.png,2,2025-09-10T00:07:44Z
Loewe,/target/loewe,https://logowik.com/content/uploads/images/loewe2671.jpg,2,2025-09-10T00:07:44Z
Loreal / L'oreal,/target/loreal,https://d1yjjnpx0p53s8.cloudfront.net/styles/logo-thumbnail/s3/0000/2125/brand.gif,2,2025-09-10T00:07:44Z
Louis Vuitton,/target/louisvuitton,https://media.designrush.com/inspiration_images/136124/conversions/_1519762849_545_990__1513771354_519_louis-v1_b31600c58738-mobile.jpg,2,2025-09-10T00:07:44Z
Lux,/target/lux,https://cdn.sanity.io/images/92ui5egz/production/2f8428952599e230782f70a2ca0bfc3e5fa2b270-1080x1080.png?w=375&h=375&fit=crop&auto=format,2,2025-09-10T00:07:44Z
LVMH,/target/lvmh,https://r.lvmh-static.com/uploads/2010/01/lvmh_logotype_simple_n-1.jpg,2,2025-09-10T00:07:44Z
Lynx,/target/lynx,https://cdn.sanity.io/images/92ui5egz/production/81a3d4dbeb4e81c5c5443bd3616e23b6333428d4-1080x1080.png?w=375&h=375&fit=crop&auto=format,2,2025-09-10T00:07:44Z
M&M's,/target/mandms,https://aus.mars.com/sites/g/files/jydpyr531/files/styles/brands_grid/public/2019-05/m-ms-confectionery.png?itok=GeJDAkRI,2,2025-09-10T00:07:44Z
MAC Cosmetics,/target/maccosmetics,https://d1yjjnpx0p53s8.cloudfront.net/styles/logo-thumbnail/s3/122019/logo-mac_prancheta_1.png?NPZfS4QSWg_6ySGSJKInsSXz2CFRKvhS&itok=2_JpKro7,2,2025-09-10T00:07:44Z
MBDA,/target/mbda,https://pbs.twimg.com/profile_images/1572161199751454721/P5ubky0o_400x400.jpg,2,2025-09-10T00:07:44Z
Magen David Adom,/target/magendavidadom,https://honestreporting.com/wp-content/uploads/2021/01/Magen-David-Adom-logo.png,3,2025-09-10T00:07:45Z
Maggi,/target/maggi,https://www.nestle.com/sites/default/files/styles/thumbnail/public/maggi-logo-round-2022.png,3,2025-09-10T00:07:45Z
Magnum Ice Creams,/target/magnum,https://cdn.sanity.io/images/92ui5egz/production/26b76dc0a16aa60339c059b31babcb45a6d1409a-1080x1080.jpg?w=375&h=375&fit=crop&auto=format,3,2025-09-10T00:07:45Z
Maison Francis Kurkdjian,/target/maisonfranciskurkdjian,https://perfumesociety.org/wp-content/uploads/2014/04/FRANCIS-KURK-1.jpg,3,2025-09-10T00:07:45Z
Maison Margiela Fragrances,/target/maisonmargiela,https://admin.showstudio.com/images/qJ-C79aRXkFj725FPJYdSkL5QgU=/376561/width-640%7Cformat-jpeg/f92ad3f3434f7a20ca931285c2df9906.png,3,2025-09-10T00:07:45Z
Malteasers,/target/malteasers,https://aus.mars.com/sites/g/files/jydpyr531/files/styles/brands_grid/public/2019-02/maltesers-confectionery.png?itok=hz2XO4mW,3,2025-09-10T00:07:45Z
Marc Jacobs,/target/marcjacobs,https://i.pinimg.com/originals/5d/fe/db/5dfedbb30f0bc5803283b79a4c9da8fd.jpg,3,2025-09-10T00:07:45Z
Marks and Spencer / M&S,/target/marksandspencer,https://corporate.marksandspencer.com/sites/marksandspencer/files/styles/desktop/public/marksandspencer/logos/m-s-logo.png,3,2025-09-10T00:07:45Z
Mars,/target/mars,https://aus.mars.com/sites/g/files/jydpyr531/files/Mars%20Wordmark%20RGB%20Blue.png,3,2025-09-10T00:07:45Z
Maybelline,/target/maybelline,https://d1yjjnpx0p53s8.cloudfront.net/styles/logo-thumbnail/s3/0003/5632/brand.gif,3,2025-09-10T00:07:45Z
McDonalds,/target/mcdonalds,https://1000logos.net/wp-content/uploads/2017/03/McDonalds-logo-500x281.png,3,2025-09-10T00:07:45Z
Mercedes Benz,/target/mercedesbenz,https://www.graduatesfirst.com/wp-content/uploads/2023/07/mercedes-benz-logo-7500641.png,3,2025-09-10T00:07:45Z
Meta,/target/meta,https://upload.wikimedia.org/wikipedia/commons/a/ab/Meta-Logo.png,3,2025-09-10T00:07:45Z
Microsoft,/target/microsoft,https://upload.wikimedia.org/wikipedia/commons/thumb/4/44/Microsoft_logo.svg/512px-Microsoft_logo.svg.png,3,2025-09-10T00:07:45Z
Mikado,/target/mikado,https://images.ctfassets.net/zo243s55pyir/1Ltb2NBvTAlLdsoEbuAiWq/a315b1d98bb4ff035c3d958dc4f31698/mikado.png?fm=webp&q=80,3,2025-09-10T00:07:45Z
Milka,/target/milka,https://images.ctfassets.net/zo243s55pyir/2Tu60gQSuRzwTTRNRuFJ8b/d860b2c5604208f975576d79db179c19/Milka.png?fm=webp&q=80,3,2025-09-10T00:07:45Z
Milky Way,/target/milkyway,https://aus.mars.com/sites/g/files/jydpyr531/files/styles/brands_grid/public/2019-07/milkyway%20%281%29.png?itok=jdwcNm0x,3,2025-09-10T00:07:45Z
Milkybar,/target/milkybar,https://www.nestle.com/sites/default/files/styles/thumbnail/public/asset-library/publishingimages/brands/chocolate-confectionery/milkybar-logo-round.png,3,2025-09-10T00:07:45Z
Minute Maid,/target/minutemaid,https://1000logos.net/wp-content/uploads/2020/09/Minute-Maid-Logo.png,3,2025-09-10T00:07:45Z
Mirinda,/target/mirinda,https://1000logos.net/wp-content/uploads/2021/03/Mirinda-Logo.jpg,3,2025-09-10T00:07:45Z
Monday.com,/target/monday,https://ceblog.s3.amazonaws.com/wp-content/uploads/2020/11/13182233/Monday-Logo-1.png,3,2025-09-10T00:07:45Z
Mondelez,/target/mondelez,https://s3-symbol-logo.tradingview.com/mondelez--600.png,3,2025-09-10T00:07:45Z
Monster Energy,/target/monsterenergy,https://static.vecteezy.com/system/resources/previews/027/076/245/original/monster-energy-logo-transparent-free-png.png,3,2025-09-10T00:07:45Z
Moovit,/target/moovit,https://encrypted-tbn0.gstatic.com/images?q=tbn:ANd9GcTtmGGog03Rp28l-WS8xL5iCUJakSfX14s_qdxOuOkJ&s,3,2025-09-10T00:07:45Z
MoroccanOil,/target/moroccanoil,https://cdn.supadupa.me/shop/13/images/1908639/morrocan-oil-logo-gravity-_grande.png,3,2025-09-10T00:07:45Z
Motorola,/target/motorola,https://cdn.lovesavingsgroup.com/logos/motorola.jpg,3,2025-09-10T00:07:45Z
Mountain Dew,/target/mountaindew,https://d1yjjnpx0p53s8.cloudfront.net/styles/logo-thumbnail/s3/0009/3885/brand.gif,3,2025-09-10T00:07:45Z
Movenpick,/target/movenpick,https://www.nestle.com/sites/default/files/styles/thumbnail/public/movenpick-logo-round-2021.png,3,2025-09-10T00:07:45Z
Mugler Beauty,/target/mugler,https://notwanepharmacy.store/wp-content/uploads/2020/08/mugler-logo.png,3,2025-09-10T00:07:45Z
Nescafe,/target/nescafe,https://www.nestle.com/sites/default/files/styles/thumbnail/public/nescafe-logo-square.png,3,2025-09-10T00:07:45Z
Nespresso,/target/nespresso,https://www.nestle.com/sites/default/files/styles/thumbnail/public/nespresso-logo-round-2.png,3,2025-09-10T00:07:45Z
Nesquik,/target/nesquik,https://www.nestle.com/sites/default/files/styles/thumbnail/public/nesquik-logo-round-2021.png,3,2025-09-10T00:07:45Z
Nestle,/target/nestle,https://pbs.twimg.com/profile_images/1232679317634678785/68qsL0TI_400x400.jpg,3,2025-09-10T00:07:45Z
Next,/target/next,https://www.nextplc.co.uk/~/media/Images/N/Next-PLC-V2/content-images/image-gallery/logos/next-white-v2-logo.jpg?w=767,3,2025-09-10T00:07:45Z
NIOD,/target/niod,https://www.cosmetify.com/images/brands/niod.png,3,2025-09-10T00:07:45Z
Noon.com,/target/noon.com,https://www.channelengine.com/hubfs/Imported_Blog_Media/noon-website.jpg,3,2025-09-10T00:07:45Z
Nutella,/target/nutella,https://i.pinimg.com/474x/35/d5/53/35d553cbf3530abf06287637419bee7d.jpg,3,2025-09-10T00:07:45Z
Nvidia,/target/nvidia,https://www.nvidia.com/content/dam/en-zz/Solutions/about-nvidia/logo-and-brand/01-nvidia-logo-vert-500x200-2c50-l@2x.png,3,2025-09-10T00:07:45Z
NYX Professional Makeup,/target/nyx,https://lens-storage.storage.googleapis.com/png/74504afc12b6483d988c46d13fa2f6ca,3,2025-09-10T00:07:45Z
Oasis,/target/oasis,https://www.tabletalkmedia.co.uk/wp-content/uploads/2015/11/Oasis-Logo.png,3,2025-09-10T00:07:45Z
Olay,/target/olay,https://1000logos.net/wp-content/uploads/2021/04/Olay-logo.png,3,2025-09-10T00:07:45Z
Old Spice,/target/oldspice,https://1000logos.net/wp-content/uploads/2020/04/Logo-Old-Spice1.jpg,3,2025-09-10T00:07:45Z
OpenAI,/target/openai,https://www.webfx.com/wp-content/uploads/2023/07/what-is-openai.png,3,2025-09-10T00:07:45Z
Opentable,/target/opentable,https://images.ctfassets.net/2d5q1td6cyxq/3PVUGEvFSzhz3ITHrcGA0q/154f94f5ad8fdeef15079efeee37238c/Mark_RGB_White-Tile-512.png,3,2025-09-10T00:07:45Z
Oracle,/target/oracle,https://cdn.freebiesupply.com/logos/large/2x/oracle-1-logo-png-transparent.png,3,2025-09-10T00:07:45Z
Oral B,/target/oralb,https://shop.oralb.co.uk/c-images/fb-image.png,3,2025-09-10T00:07:45Z
Orangina,/target/orangina,https://static.wikia.nocookie.net/logopedia/images/6/62/Orangina_logo.png,3,2025-09-10T00:07:45Z
Oreo,/target/oreo,https://images.ctfassets.net/zo243s55pyir/5iOobhpfjRiKPyLBNH4loZ/3848ba1a01f0bf30c3a608d4584a7936/Oreo.png?fm=webp&q=80,3,2025-09-10T00:07:45Z
Origins,/target/origins,https://images.crunchbase.com/image/upload/c_lpad;h_256;w_256;f_auto;q_auto:eco;dpr_1/v1429096865/i9ijmtclwwhftrtcuigx.png,3,2025-09-10T00:07:45Z
Outbrain,/target/outbrain,https://opinionstage-res.cloudinary.com/images/f_auto;q_auto/v1641219211/Case-studies-outbrain-/Case-studies-outbrain-.jpg,3,2025-09-10T00:07:45Z
Pampers,/target/pampers,https://seeklogo.com/images/P/pampers-logo-D613293CC6-seeklogo.com.png,3,2025-09-10T00:07:45Z
Pantene,/target/pantene,https://logowik.com/content/uploads/images/865_pantene.jpg,3,2025-09-10T00:07:45Z
Papa Johns,/target/papajohns,https://download.logo.wine/logo/Papa_John's_Pizza/Papa_John's_Pizza-Logo.wine.png,3,2025-09-10T00:07:45Z
Paramount,/target/paramount,https://upload.wikimedia.org/wikipedia/en/thumb/1/1e/Paramount_Global.svg/1200px-Paramount_Global.svg.png,3,2025-09-10T00:07:45Z
Payoneer,/target/payoneer,https://static.vecteezy.com/system/resources/previews/027/127/484/original/payoneer-logo-payoneer-icon-transparent-free-png.png,3,2025-09-10T00:07:45Z
Pedigree,/target/pedigree,https://aus.mars.com/sites/g/files/jydpyr531/files/styles/brands_grid/public/2019-04/Logos_Pedigree.png,3,2025-09-10T00:07:45Z
Peet's Coffee,/target/peetscoffee,https://dg6qn11ynnp6a.cloudfront.net/wp-content/uploads/2019/10/04114953/18274759_10154462185956190_6773480231895222987_n.jpg,3,2025-09-10T00:07:45Z
Pepsi,/target/pepsi,https://d1yjjnpx0p53s8.cloudfront.net/styles/logo-thumbnail/s3/0021/0128/brand.gif,3,2025-09-10T00:07:45Z
Perrier,/target/perrier,https://www.nestle.com/sites/default/files/styles/thumbnail/public/perrier-logo-round-green.png,3,2025-09-10T00:07:45Z
Persil,/target/persil,https://cdn.sanity.io/images/92ui5egz/production/49f021024dbc823ce3fd71bac47d5627f560d333-1080x1080.jpg?w=375&h=375&fit=crop&auto=format,3,2025-09-10T00:07:45Z
Philadelphia,/target/philadelphia,https://images.ctfassets.net/zo243s55pyir/6A38MJea4O7hjKkv2FryNF/f50fa6c7b17fc2d68f56dfea06ba15ad/Philadelphia.png?fm=webp&q=80,3,2025-09-10T00:07:45Z
Piers Morgan,/target/piersmorgan,https://pbs.twimg.com/profile_images/1501498693115068424/0_lNwdrm_400x400.jpg,3,2025-09-10T00:07:45Z
Pizza Hut,/target/pizzahut,https://logowik.com/content/uploads/images/130_pizzahut.jpg,3,2025-09-10T00:07:45Z
Popeyes,/target/popeyes,https://restaurantpropertysellers.com/wp-content/uploads/2021/11/popeyes-london-reviews.png,3,2025-09-10T00:07:45Z
Power Action,/target/poweraction,https://media.home.bargains/brand-images/3/6/9/0/36907459caf36331f385a4772a62ee468006af37.png?x=200,3,2025-09-10T00:07:45Z
Powerade,/target/powerade,https://www.coca-colacompany.com/content/dam/company/us/en/brands/logos/powerade-logo.png,3,2025-09-10T00:07:45Z
Prada Beauty,/target/prada,https://d1yjjnpx0p53s8.cloudfront.net/styles/logo-thumbnail/s3/102010/prada-original.png,3,2025-09-10T00:07:45Z
Pret-a-manger,/target/pret,https://assets-global.website-files.com/5fc66e869d342de866828246/608b0051cb53d41b16cdb8a7_8c91b58f-2c56-42fb-9992-b35e250d4b1aLogo.jpeg,3,2025-09-10T00:07:45Z
Priceline,/target/priceline,https://is1-ssl.mzstatic.com/image/thumb/Purple126/v4/66/7f/7e/667f7e45-46c3-e181-b66f-a4ecde39c5ea/Standard_App_Icon-0-0-1x_U007epad-0-0-sRGB-85-220.png/460x0w.webp,3,2025-09-10T00:07:45Z
Procter & Gamble,/target/procterandgamble,https://logowik.com/content/uploads/images/108_procterandgamble.jpg,3,2025-09-10T00:07:45Z
Puma,/target/puma,https://staticg.sportskeeda.com/editor/2023/03/bda84-16779522739911-1920.jpg,3,2025-09-10T00:07:45Z
Pure Life,/target/purelife,https://www.nestle.com/sites/default/files/styles/thumbnail/public/pure-life-logo-square.png,3,2025-09-10T00:07:45Z
Purina,/target/purina,https://www.nestle.com/sites/default/files/styles/thumbnail/public/purina-logo-square-2023.png,3,2025-09-10T00:07:45Z
Quaker Oats,/target/quaker,https://d1yjjnpx0p53s8.cloudfront.net/styles/logo-thumbnail/s3/082012/quakeroats.jpg,3,2025-09-10T00:07:45Z
Quality Street,/target/qualitystreet,https://www.nestle.com/sites/default/files/styles/thumbnail/public/qs-logo-round.png,3,2025-09-10T00:07:45Z
Ralph Lauren Frangrances,/target/ralphlauren,https://d1yjjnpx0p53s8.cloudfront.net/styles/logo-thumbnail/s3/0003/0211/brand.gif,3,2025-09-10T00:07:45Z
Rani,/target/rani,https://aujan.com/wp-content/uploads/2015/03/rani1.jpg,3,2025-09-10T00:07:45Z
Rapunzel,/target/rapunzel,https://www.rapunzel.de/design/logo-rapunzel-naturkost-legau.png,3,2025-09-10T00:07:45Z
Rapyd,/target/rapyd,https://asset.brandfetch.io/idof9qvLRk/idxKqLpmSt.jpeg,3,2025-09-10T00:07:45Z
Rare Beauty by Selena Gomez,/target/rarebeauty,https://s1.tryandreview.com/uploads/images/brands/fe33a974152b68a4d22073dd2ec79c176ab1cf0a.png,3,2025-09-10T00:07:45Z
Raytheon,/target/raytheon,https://i.redd.it/dbnb0o1q6ci81.png,3,2025-09-10T00:07:45Z
RBS,/target/rbs,https://www.princessroyaltrainingawards.com/wp-content/uploads/2017/08/Logos-510x288-RBS.jpg,3,2025-09-10T00:07:45Z
Rentalcars.com,/target/rentalcars,https://is1-ssl.mzstatic.com/image/thumb/Purple126/v4/45/e0/e5/45e0e5d7-4571-8720-3042-165a262b6e26/AppIcon-1x_U007emarketing-0-7-0-sRGB-85-220.png/460x0w.webp,3,2025-09-10T00:07:45Z
Rexona,/target/rexona,https://cdn.sanity.io/images/92ui5egz/production/d806c6c7edf6271cb15478eae7c34485f4f35d41-1080x1080.jpg?w=375&h=375&fit=crop&auto=format,3,2025-09-10T00:07:45Z
Ritz,/target/ritz,https://images.ctfassets.net/zo243s55pyir/54j664CVGgUSt0VYFNdOYI/537fd98c17e9ff73bb2e6dfe515aab3f/Ritz.png?fm=webp&q=80,3,2025-09-10T00:07:45Z
River Island,/target/riverisland,https://eu-images.contentstack.com/v3/assets/blt781c383a1983f673/bltd2ce17abcde2167e/621c9c6327606b7ce81a315e/riverisland.png,3,2025-09-10T00:07:45Z
Rockstar Energy,/target/rockstar,https://d1yjjnpx0p53s8.cloudfront.net/styles/logo-thumbnail/s3/0025/2387/brand.gif,3,2025-09-10T00:07:45Z
Royal Canin,/target/royalcanin,https://aus.mars.com/sites/g/files/jydpyr531/files/styles/brands_grid/public/2019-03/Logos_BUSINESS_SEGMENTS_23.png,3,2025-09-10T00:07:45Z
S.Pellegrino,/target/spellegrino,https://www.nestle.com/sites/default/files/styles/thumbnail/public/asset-library/publishingimages/brands/bottled-water/spellegrino-logo-round.png,3,2025-09-10T00:07:45Z
Sabra,/target/sabra,https://pbs.twimg.com/profile_images/1383060096251351050/Ip84a103_400x400.png,3,2025-09-10T00:07:45Z
Sadaf Foods,/target/sadaf,https://www.sadaf.com/cdn/shop/files/sadaf-logo_a5f4d83a-9320-4874-9e71-a4002d5e7f4a_600x.png,3,2025-09-10T00:07:45Z
Sadia Foods,/target/sadia,https://www.sadia-life.com/media/1nbfuepo/sadia-logo.svg,3,2025-09-10T00:07:45Z
SAP,/target/sap,https://cdn.icon-icons.com/icons2/2699/PNG/512/sap_logo_icon_170763.png,3,2025-09-10T00:07:45Z
Schweppes,/target/schweppes,https://www.coca-colacompany.com/content/dam/company/us/en/brands/logos/schweppes-logo.png,3,2025-09-10T00:07:45Z
Schweppes,/target/schweppes,https://1000logos.net/wp-content/uploads/2020/07/Schweppes-logo.jpg,3,2025-09-10T00:07:45Z
Scotia Bank,/target/scotiabank,https://logosandtypes.com/wp-content/uploads/2020/08/Scotiabank.png,3,2025-09-10T00:07:45Z
Sephora,/target/sephora,https://www.fddinternational.co.uk/wp-content/uploads/2023/03/sephora-logo.jpg,3,2025-09-10T00:07:45Z
Seven Seas,/target/sevenseas,https://static.wikia.nocookie.net/logopedia/images/2/24/Seven_Seas_%28vitamins%29_1.png,3,2025-09-10T00:07:45Z
Shake Shack,/target/shakeshack,https://d3hjzzsa8cr26l.cloudfront.net/5a984afc-cdfd-11e8-b19d-e5c91e3daac6.jpg,3,2025-09-10T00:07:45Z
STELLA by Stella McCartney,/target/stella,https://r.lvmh-static.com/uploads/2022/08/stella-logo.png,3,2025-09-10T00:07:45Z
eToro,/target/etoro,https://is1-ssl.mzstatic.com/image/thumb/Purple126/v4/87/93/5d/87935d18-1213-3914-55fc-bf9d404e5ac9/AppIcon-0-0-1x_U007emarketing-0-0-0-10-0-0-sRGB-0-0-0-GLES2_U002c0-512MB-85-220-0-0.png/460x0w.webp,4,2025-09-10T00:07:46Z
Shams,/target/shams,https://d36musakzcdau7.cloudfront.net/ourdesistore/Product/393795f0-8fc4-11ec-b3e8-2177376a7905/resize/SHAMS-DATES-2LB-SHAMS.jpg-1645452365.jpg.webp,4,2025-09-10T00:07:46Z
Shredded Wheat,/target/shreddedwheat,https://www.nestle.com/sites/default/files/styles/thumbnail/public/cereals-shredded-wheat-logo.png,4,2025-09-10T00:07:46Z
Shreddies,/target/shreddies,https://www.nestle.com/sites/default/files/styles/thumbnail/public/cereals-shreddies-logo.png,4,2025-09-10T00:07:46Z
Siemens,/target/siemens,https://logowik.com/content/uploads/images/316_siemens.jpg,4,2025-09-10T00:07:46Z
Simply Beverages,/target/simplybeverges,https://dlmdistributors.com/wp-content/uploads/2019/09/simply-beverages-logo.png,4,2025-09-10T00:07:46Z
Skechers,/target/skechers,https://logowik.com/content/uploads/images/skechers5769.logowik.com.webp,4,2025-09-10T00:07:46Z
Skims,/target/skims,https://pbs.twimg.com/profile_images/1619738248468922368/dYCNOxM__400x400.jpg,4,2025-09-10T00:07:46Z
Skittles,/target/skittles,https://aus.mars.com/sites/g/files/jydpyr531/files/styles/brands_grid/public/2019-07/Skittles%20Logo%20sRGB_0.png?itok=VrTgUrCJ,4,2025-09-10T00:07:46Z
Smarties,/target/smarties,https://www.nestle.com/sites/default/files/styles/thumbnail/public/smarties-logo-round-2022.png,4,2025-09-10T00:07:46Z
Smartwater,/target/smartwater,https://www.coca-colahellenic.com/content/dam/cch/us/images/our-24-7-portfolio/brand-image/glaceau-smartwater-logo-300x300.png,4,2025-09-10T00:07:46Z
Snickers,/target/snickers,https://aus.mars.com/sites/g/files/jydpyr531/files/styles/brands_grid/public/2019-07/Snickers%20Logo%20sRGB_0.png?itok=xzqdo4SG,4,2025-09-10T00:07:46Z
SodaStream,/target/sodastream,https://d1yjjnpx0p53s8.cloudfront.net/styles/logo-thumbnail/s3/092012/soda_stream.png,4,2025-09-10T00:07:46Z
Sour Patch Kids,/target/sourpatchkids,https://images.ctfassets.net/zo243s55pyir/3inC0ORwSJExVD3GJLX8eB/065d0ab86ec117e5f9a1bf2e4641bbc3/SPK.png?fm=webp&q=80,4,2025-09-10T00:07:46Z
Sprite,/target/sprite,https://www.coca-colacompany.com/content/dam/company/us/en/brands/logos/sprite-logo.png,4,2025-09-10T00:07:46Z
Spyglass Media Group,/target/spyglass,https://spyglassmediagroup.com/user/themes/spyglass/images/share.jpg,4,2025-09-10T00:07:46Z
Standard Life,/target/standardlife,https://www.lincs-chamber.co.uk/wp-content/uploads/2018/02/Standard-Life-Assurance-logo.png,4,2025-09-10T00:07:46Z
Starbucks,/target/starbucks,https://www.tailorbrands.com/wp-content/uploads/2020/11/starbucks-logo-2011.jpg,4,2025-09-10T00:07:46Z
Sudocrem,/target/sudocrem,https://www.chemist.net/pub/media/brand/sudocrem_bd37.jpg,4,2025-09-10T00:07:46Z
Surf,/target/surf,https://cdn.sanity.io/images/92ui5egz/production/e80729857a4e391984df4473831a0cce25271b02-280x280.jpg?w=375&h=375&fit=crop&auto=format,4,2025-09-10T00:07:46Z
Taboola,/target/taboola,https://www.proggio.com/wp-content/uploads/2019/01/feat-Taboola.png,4,2025-09-10T00:07:46Z
Taco Bell,/target/tacobell,https://www.hatchwise.com/wp-content/uploads/2023/01/image-25.png,4,2025-09-10T00:07:46Z
TAG Heuer,/target/tagheuer,https://i.pinimg.com/originals/50/5f/1d/505f1dc613cff29078ccb445708b7b33.png,4,2025-09-10T00:07:46Z
Tampax,/target/tampax,https://logowik.com/content/uploads/images/tampax3061.jpg,4,2025-09-10T00:07:46Z
Tang,/target/tang,https://images.ctfassets.net/zo243s55pyir/31n9rZrTgrRyikXoIEXMAu/bd9a98bedd9da3ba9195ae9b0dc30ca4/Tang.png?fm=webp&q=80,4,2025-09-10T00:07:46Z
Ted Baker,/target/tedbaker,https://pbs.twimg.com/profile_images/1568200497495957504/KtOLABAq_400x400.jpg,4,2025-09-10T00:07:46Z
Temptations,/target/temptations,https://aus.mars.com/sites/g/files/jydpyr531/files/styles/brands_grid/public/2019-04/Logos_Temptations.png,4,2025-09-10T00:07:46Z
Tesco,/target/tesco,https://assets.website-files.com/622733c59bf20d8a074764f6/622733c59bf20dbdf4476887_Tesco.png,4,2025-09-10T00:07:46Z
Teva Pharmaceuticals,/target/teva,https://upload.wikimedia.org/wikipedia/commons/thumb/4/4c/Teva_Pharmaceuticals_logo.png/2560px-Teva_Pharmaceuticals_logo.png,4,2025-09-10T00:07:46Z
The Ordinary,/target/theordinary,https://d1yjjnpx0p53s8.cloudfront.net/styles/logo-thumbnail/s3/122017/untitled-1_97.png?0JVd8zz_2757YBrIEmJVzoJjDzlL4dQS&itok=MBbjYubZ,4,2025-09-10T00:07:46Z
Tic Tac,/target/tictac,https://upload.wikimedia.org/wikipedia/commons/c/c8/Tic_Tac_logo_2022-present.png,4,2025-09-10T00:07:46Z
Tide,/target/tide,https://upload.wikimedia.org/wikipedia/commons/thumb/1/1e/Tide_Logo_RGB_2014.png/1200px-Tide_Logo_RGB_2014.png,4,2025-09-10T00:07:46Z
Tiffany & Co.,/target/tiffanyco,https://clearvisioneyecare.ca/wp-content/uploads/2017/03/Tiffany-Co-logo.jpg,4,2025-09-10T00:07:46Z
Tim Hortons,/target/timhortons,https://fiu-original.b-cdn.net/fontsinuse.com/use-images/168/168197/168197.png?filename=Tim_Hortons_Maple_Leaf.png,4,2025-09-10T00:07:46Z
Toblerone,/target/toblerone,https://images.ctfassets.net/zo243s55pyir/4zi5ZpJa8pnHdtjzAxRoMx/c303ae017c4f78233f97ca7b822b45b0/Toblerone.png?fm=webp&q=80,4,2025-09-10T00:07:46Z
Tom Ford Beauty,/target/tomfordbeauty,https://media.licdn.com/dms/image/D4E0BAQH9tPiLt38cxA/company-logo_200_200/0/1695305566079?e=2147483647&v=beta&t=er2z4E0XEEsougatDEiiqIlaKhIJ4JnbpT2yTPKZqbM,4,2025-09-10T00:07:46Z
Too Faced,/target/toofaced,https://assets.stickpng.com/thumbs/62793906bb132b96e73ee3b7.png,4,2025-09-10T00:07:46Z
Tory Burch,/target/toryburch,https://1000logos.net/wp-content/uploads/2017/08/Tory-Burch-emblem.jpg,4,2025-09-10T00:07:46Z
Tresemme,/target/tresemme,https://assets.stickpng.com/images/5a393116c488ac6062ac2ad2.png,4,2025-09-10T00:07:46Z
Tropicana,/target/tropicana,https://d1yjjnpx0p53s8.cloudfront.net/styles/logo-thumbnail/s3/0017/4978/brand.gif,4,2025-09-10T00:07:46Z
Twix,/target/twix,https://aus.mars.com/sites/g/files/jydpyr531/files/styles/brands_grid/public/2019-07/twix%20%282%29.png?itok=euLB-mXk,4,2025-09-10T00:07:46Z
Unicef,/target/unicef,https://www.egnetwork.eu/wp-content/uploads/2021/03/Logo_Signature_Container_Circle_ENG_RGB.png,4,2025-09-10T00:07:46Z
Unilever,/target/unilever,https://www.logodesignlove.com/wp-content/uploads/2011/12/unilever-logo.jpg,4,2025-09-10T00:07:46Z
Urban Decay,/target/urbandecay,https://d1yjjnpx0p53s8.cloudfront.net/styles/logo-thumbnail/s3/012012/ud.png,4,2025-09-10T00:07:46Z
Valentino Beauty,/target/valentino,https://d1yjjnpx0p53s8.cloudfront.net/styles/logo-thumbnail/s3/0002/2916/brand.gif,4,2025-09-10T00:07:46Z
Venus,/target/venus,https://m.media-amazon.com/images/S/aplus-media/vc/df9fce60-bbdd-47a9-9971-8f79194b46cc._CR0;0;300;300_PT0_SX300__.jpg,4,2025-09-10T00:07:46Z
Viber,/target/viber,https://cdn-icons-png.flaticon.com/512/124/124016.png,4,2025-09-10T00:07:46Z
Vicks,/target/vicks,https://images.ctfassets.net/xuuihvmvy6c9/5R9Uu2Vwa9vtDltACu79Tt/cabf9fbffcc32f7aae7b16088a1030fd/p-1994-XXL_2x.png,4,2025-09-10T00:07:46Z
Victorias Secret,/target/victoriassecret,https://d1yjjnpx0p53s8.cloudfront.net/styles/logo-thumbnail/s3/042017/untitled-2_15.png,4,2025-09-10T00:07:46Z
Viktor & Rolf Beauty,/target/viktor+rolf,https://d1yjjnpx0p53s8.cloudfront.net/styles/logo-thumbnail/s3/062010/VR_logo.gif,4,2025-09-10T00:07:46Z
Visa,/target/visa,https://usa.visa.com/dam/VCOM/regional/ve/romania/blogs/hero-image/visa-logo-800x450.jpg,4,2025-09-10T00:07:46Z
Vitaminwater,/target/vitaminwater,https://pbs.twimg.com/profile_images/493743546512314369/HOtBuCiX_400x400.png,4,2025-09-10T00:07:46Z
Vittel,/target/vittel,https://www.nestle.com/sites/default/files/styles/thumbnail/public/vittel-logo-round.png,4,2025-09-10T00:07:46Z
Volvic,/target/volvic,https://www.volvic.co.uk/fileadmin/user_upload/volvic_instagram.png,4,2025-09-10T00:07:46Z
Volvo Heavy Machinery,/target/volvo,https://d1yjjnpx0p53s8.cloudfront.net/styles/logo-thumbnail/s3/052018/untitled-4_19.png?Nrpk5Y1UlrEvEEOMK6vQRsPrg_u.VN8O&itok=wHARdQlD,4,2025-09-10T00:07:46Z
Walkers,/target/walkers,https://www.walkers.co.uk/assets/img/walkers__logo.png,4,2025-09-10T00:07:46Z
Walls Ice Creams,/target/walls,https://cdn.sanity.io/images/92ui5egz/production/88537a9efbbd962b3ff2f063af7b7b6985c146bc-1080x1080.png?w=375&h=375&fit=crop&auto=format,4,2025-09-10T00:07:46Z
Walmart,/target/walmart,https://media.designrush.com/inspiration_images/345908/conversions/walmart_1-preview.jpg,4,2025-09-10T00:07:46Z
Waze,/target/waze,https://9to5google.com/2020/06/29/waze-logo-2020-brand-refresh/waze-logo-2020-1/,4,2025-09-10T00:07:46Z
Wells Fargo,/target/wellsfargo,https://upload.wikimedia.org/wikipedia/commons/thumb/e/e2/Wells_Fargo_Logo_%282020%29.svg/800px-Wells_Fargo_Logo_%282020%29.svg.png,4,2025-09-10T00:07:46Z
Whiskas,/target/whiskas,https://aus.mars.com/sites/g/files/jydpyr531/files/styles/brands_grid/public/2019-02/whiskas.png,4,2025-09-10T00:07:46Z
Wix,/target/wix,https://cdn-icons-png.flaticon.com/512/5968/5968762.png,4,2025-09-10T00:07:46Z
Wrigley's Extra,/target/wrigleysextra,https://aus.mars.com/sites/g/files/jydpyr531/files/styles/brands_grid/public/2019-07/extra%20%281%29.png?itok=gLrMwSIU,4,2025-09-10T00:07:46Z
Yum Foods,/target/yumfoods,https://upload.wikimedia.org/wikipedia/commons/thumb/5/59/Yum%21_Brands_logo.svg/1200px-Yum%21_Brands_logo.svg.png,4,2025-09-10T00:07:46Z
Yves Saint Laurent Beauty / YSL Beauty,/target/ysl,https://d1yjjnpx0p53s8.cloudfront.net/styles/logo-thumbnail/s3/102014/logo_cassandre-ysl.png,4,2025-09-10T00:07:46Z
Zara,/target/zara,https://static.dezeen.com/uploads/2019/02/new-zara-logo-hero-1.jpg,4,2025-09-10T00:07:46Z
