Name,Type,Sources,Categories,Country_HQ,Industry,Stock_Symbol,Prisons,Occupations,Borders,Divestment_Shortlist,Involvement_Types
3M Co,company,investigate_afsc,prisons,USA,Diversified Industrials,MMM,Yes,,,,
7up,brand,boycott.thewitness,consumer_boycott,,,,,,,,
A. P. Moller Maersk A/S,company,investigate_afsc,occupations,Denmark,Marine Shipping,MAERSK B,,Yes,,,
ABB Group,company,who_profits|investigate_afsc,occupation_involvement|occupations,Switzerland,Diversified Industrials,ABBN,,Yes,,,Settlement Enterprise|Israeli Construction on Occupied Land|Services to the Settlements|Economic Exploitation|Exploitation of Occupied Production and Resources
Acadia Healthcare Co Inc,company,investigate_afsc,prisons,USA,Medical Care,ACHC,Yes,,,,
Accenture PLC,company,investigate_afsc,borders,Ireland,Information Technology Services,ACN,,,Yes,,
Ackerstein Industries,company,who_profits,occupation_involvement,,,,,,,,Settlement Enterprise|Israeli Construction on Occupied Land|Private Security and Surveillance Technology|The Wall and Checkpoints|Specialized Equipment and Services|Population Control
Acqua Panna,brand,boycott.thewitness,consumer_boycott,,,,,,,,
Actimel,brand,boycott.thewitness,consumer_boycott,,,,,,,,
Activia,brand,boycott.thewitness,consumer_boycott,,,,,,,,
Adama Ltd,company,investigate_afsc,occupations,China,Agricultural Inputs,553,,Yes,,,
Adidas,brand,boycott.thewitness,consumer_boycott,,,,,,,,
Aerin,brand,boycott.thewitness,consumer_boycott,,,,,,,,
Aero,brand,boycott.thewitness,consumer_boycott,,,,,,,,
AeroVironment Inc,company,investigate_afsc,borders,USA,Aerospace & Defense,AVAV,,,Yes,,
Aesop,brand,boycott.thewitness,consumer_boycott,,,,,,,,
Afcon Holdings Ltd,company,investigate_afsc,occupations,Israel,Electronic Components,AFHL,,Yes,,,
Agoda,brand,boycott.thewitness,consumer_boycott,,,,,,,,
Agrexco Carmel Agricultural Export Company,company,who_profits,occupation_involvement,,,,,,,,Settlement Enterprise|Settlement Production|Economic Exploitation|Palestinian Captive Market
Ahava,brand,boycott.thewitness,consumer_boycott,,,,,,,,
Air Transport Services Group Inc,company,investigate_afsc,prisons|borders|divestment_shortlist,USA,Integrated Freight & Logistics,ATSG,Yes,,Yes,Yes,
Airbnb,brand,boycott.thewitness|investigate_afsc,consumer_boycott|occupations,USA,Internet Content & Information,ABNB,,Yes,,,
Airbus SE,company,investigate_afsc,borders|divestment_shortlist,Netherlands,Aerospace & Defense,AIR,,,Yes,Yes,
Airwaves,brand,boycott.thewitness,consumer_boycott,,,,,,,,
Aldi Nord (not UK),brand,boycott.thewitness,consumer_boycott,,,,,,,,
All Trade Group,company,who_profits,occupation_involvement,,,,,,,,Settlement Enterprise|Specialized Equipment and Services|Settlement Production|Population Control
Allison Transmission Holdings Inc,company,investigate_afsc,occupations|divestment_shortlist,USA,Auto Parts,ALSN,,Yes,,Yes,
Alony-Hetz Properties & Investments Ltd,company,investigate_afsc,occupations|divestment_shortlist,Israel,Real Estate Services,ALHE,,Yes,,Yes,
Alphabet Inc,company,investigate_afsc,prisons|occupations|borders,USA,Internet Content & Information,GOOGL,Yes,Yes,Yes,,
Alpro,brand,boycott.thewitness,consumer_boycott,,,,,,,,
Altice International,company,who_profits,occupation_involvement,,,,,,,,Settlement Enterprise|Israeli Construction on Occupied Land|Services to the Settlements|Economic Exploitation|Palestinian Captive Market|The Wall and Checkpoints|Specialized Equipment and Services|Population Control
Always,brand,boycott.thewitness,consumer_boycott,,,,,,,,
Amanet Management & Systems Ltd,company,investigate_afsc,occupations,Israel,Conglomerates,AMAN,,Yes,,,
Amazon,brand,boycott.thewitness,consumer_boycott,,,,,,,,
Amazon.com Inc,company,investigate_afsc,prisons|occupations|borders,USA,Specialty Retail,AMZN,Yes,Yes,Yes,,
Ambipur,brand,boycott.thewitness,consumer_boycott,,,,,,,,
American Eagle,brand,boycott.thewitness,consumer_boycott,,,,,,,,
Amika,brand,boycott.thewitness,consumer_boycott,,,,,,,,
Amir Marketing & Investments In Agriculture Ltd,company,investigate_afsc,occupations|divestment_shortlist,Israel,Agricultural Inputs,AMRK,,Yes,,Yes,
Amos Hadar Properties and Investments (Hadar Group)עמוס הדר נכסים והשקעות (קבוצת הדר),company,who_profits,occupation_involvement,,,,,,,,Settlement Enterprise|Israeli Construction on Occupied Land
Amot Investments Ltd,company,investigate_afsc,occupations,Israel,Real Estate Services,AMOT,,Yes,,,
Apollo Global Management Inc,company,investigate_afsc,occupations,USA,,APO,,Yes,,,
Appletiser,brand,boycott.thewitness,consumer_boycott,,,,,,,,
Aptamil,brand,boycott.thewitness,consumer_boycott,,,,,,,,
Aquafina,brand,boycott.thewitness,consumer_boycott,,,,,,,,
Aquarius,brand,boycott.thewitness,consumer_boycott,,,,,,,,
Aramark,company,investigate_afsc,prisons|borders|divestment_shortlist,USA,Restaurants,ARMK,Yes,,Yes,Yes,
Aramis,brand,boycott.thewitness,consumer_boycott,,,,,,,,
Archer-Daniels Midland Co,company,investigate_afsc,prisons,USA,Farm Products,ADM,Yes,,,,
Ariel,brand,boycott.thewitness,consumer_boycott,,,,,,,,
Arwa,brand,boycott.thewitness,consumer_boycott,,,,,,,,
Ashot- Ashkelon Industries Ltd,company,investigate_afsc,occupations|divestment_shortlist,Israel,Aerospace & Defense,ASHO,,Yes,,Yes,
Ashtrom Group Ltd,company,investigate_afsc,occupations|divestment_shortlist,Israel,Real Estate - General,ASHG,,Yes,,Yes,
Ashtrom Groupקבוצת,company,who_profits,occupation_involvement,,,,,,,,Settlement Enterprise|Settlement Production|Israeli Construction on Occupied Land|Economic Exploitation|Exploitation of Occupied Production and Resources|The Wall and Checkpoints|Specialized Equipment and Services|Population Control
Asseco Poland SA,company,investigate_afsc,occupations,Poland,Software - Application,ACP,,Yes,,,
AT&T Inc,company,investigate_afsc,borders,USA,Telecom Services,T,,,Yes,,
Atlas Copco AB,company,investigate_afsc,occupations,Sweden,Diversified Industrials,ATCO A,,Yes,,,
Aussie,brand,boycott.thewitness,consumer_boycott,,,,,,,,
Aviva,brand,boycott.thewitness,consumer_boycott,,,,,,,,
Aware Inc,company,investigate_afsc,borders,USA,Software-Application,AWRE,,,Yes,,
AXA,brand,boycott.thewitness,consumer_boycott,,,,,,,,
Axe,brand,boycott.thewitness,consumer_boycott,,,,,,,,
Axon Enterprise Inc,company,investigate_afsc,prisons|occupations|borders|divestment_shortlist,USA,Aerospace & Defense,AXON,Yes,Yes,Yes,Yes,
B Communications Ltd,company,investigate_afsc,occupations|divestment_shortlist,Israel,Telecom Services,BCOM,,Yes,,Yes,
B Gaon Holdings Ltd,company,investigate_afsc,occupations,Israel,Conglomerates,GAON-M,,Yes,,,
BAE Systems,brand,boycott.thewitness|investigate_afsc,consumer_boycott|occupations|divestment_shortlist,UK,Aerospace & Defense,BA.,,Yes,,Yes,
Bally,brand,boycott.thewitness,consumer_boycott,,,,,,,,
Bank Hapoalim BM,company,investigate_afsc,occupations|divestment_shortlist,Israel,Banks - Regional - Asia,POLI,,Yes,,Yes,
Bank Leumi Le-Israel BM,company,investigate_afsc,occupations|divestment_shortlist,Israel,Banks - Regional - Asia,LUMI,,Yes,,Yes,
Bank of America,brand,boycott.thewitness,consumer_boycott,,,,,,,,
Bank of Jerusalem Ltd,company,investigate_afsc,occupations|divestment_shortlist,Israel,Banks - Regional - Asia,JBNK,,Yes,,Yes,
Bank of Montreal,brand,boycott.thewitness,consumer_boycott,,,,,,,,
Baran Group Ltd,company,investigate_afsc,occupations,Israel,Engineering & Construction,BRAN,,Yes,,,
Barbican,brand,boycott.thewitness,consumer_boycott,,,,,,,,
Barclays,brand,boycott.thewitness,consumer_boycott,,,,,,,,
Bath & Body Works,brand,boycott.thewitness,consumer_boycott,,,,,,,,
Bayer Pharmaceuticals,brand,boycott.thewitness,consumer_boycott,,,,,,,,
Belvita,brand,boycott.thewitness,consumer_boycott,,,,,,,,
Ben & Jerry's,brand,boycott.thewitness,consumer_boycott,,,,,,,,
Ben's Originals,brand,boycott.thewitness,consumer_boycott,,,,,,,,
Benchmark Electronics Inc,company,investigate_afsc,borders,USA,Electronic Components,BHE,,,Yes,,
Benefit Cosmetics,brand,boycott.thewitness,consumer_boycott,,,,,,,,
Berkshire Hathaway Inc,company,investigate_afsc,prisons,USA,Insurance-Diversified,BRK.A,Yes,,,,
Berskha,brand,boycott.thewitness,consumer_boycott,,,,,,,,
Bezeq The Israeli Telecommunication Corp Ltd,company,investigate_afsc,occupations|divestment_shortlist,Israel,Telecom Services,BEZQ,,Yes,,Yes,
BIOTHERM,brand,boycott.thewitness,consumer_boycott,,,,,,,,
BNP Paribas,brand,boycott.thewitness,consumer_boycott,,,,,,,,
BNY Mellon,brand,boycott.thewitness,consumer_boycott,,,,,,,,
Bobbi Brown,brand,boycott.thewitness,consumer_boycott,,,,,,,,
Body Armor,brand,boycott.thewitness,consumer_boycott,,,,,,,,
Boeing,brand,boycott.thewitness|investigate_afsc,consumer_boycott|occupations|divestment_shortlist,USA,Aerospace & Defense,BA,,Yes,,Yes,
Bold,brand,boycott.thewitness,consumer_boycott,,,,,,,,
Bomaja,brand,boycott.thewitness,consumer_boycott,,,,,,,,
Bon Aqua,brand,boycott.thewitness,consumer_boycott,,,,,,,,
Booking Holdings Inc,company,investigate_afsc,occupations,USA,Leisure,BKNG,,Yes,,,
Booking.com,brand,boycott.thewitness,consumer_boycott,,,,,,,,
Booz Allen Hamilton Holding Corp,company,investigate_afsc,borders|divestment_shortlist,USA,Consulting Services,BAH,,,Yes,Yes,
Bounty,brand,boycott.thewitness,consumer_boycott,,,,,,,,
Bounty Paper Towels,brand,boycott.thewitness,consumer_boycott,,,,,,,,
BP (British Petroleum),brand,boycott.thewitness,consumer_boycott,,,,,,,,
Braun,brand,boycott.thewitness,consumer_boycott,,,,,,,,
Bright Dairy & Food Co Ltd,company,investigate_afsc,occupations,China,Packaged Foods,600597,,Yes,,,
BRP Inc,company,investigate_afsc,occupations,Canada,Recreational Vehicles,DOO,,Yes,,,
Bulgari / Bvlgari,brand,boycott.thewitness,consumer_boycott,,,,,,,,
Burger King,brand,boycott.thewitness,consumer_boycott,,,,,,,,
Buxton,brand,boycott.thewitness,consumer_boycott,,,,,,,,
C Mer Industries Ltd,company,investigate_afsc,occupations|divestment_shortlist,Israel,Communication Equipment,CMER,,Yes,,Yes,
CACI International Inc,company,investigate_afsc,borders,USA,Information Technology Services,CACI,,,Yes,,
Cadbury,brand,boycott.thewitness,consumer_boycott,,,,,,,,
Cadre Holdings Inc,company,investigate_afsc,prisons|occupations|borders|divestment_shortlist,USA,Aerospace & Defense,CDRE,Yes,Yes,Yes,Yes,
Cal-Maine Foods Inc,company,investigate_afsc,prisons,USA,Farm Products,CALM,Yes,,,,
Canon Inc,company,investigate_afsc,occupations,Japan,Computer Hardware,7751,,Yes,,,
Capgemini SE,company,investigate_afsc,prisons|borders,France,Information Technology Services,CAP,Yes,,Yes,,
Capital One,brand,boycott.thewitness,consumer_boycott,,,,,,,,
Capital Point Ltd,company,investigate_afsc,occupations,Israel,Asset Management,CPTP,,Yes,,,
Cardinal Health Inc,company,investigate_afsc,prisons,USA,Medical Distribution,CAH,Yes,,,,
Caribou Coffee,brand,boycott.thewitness,consumer_boycott,,,,,,,,
Carmel Agrexco,brand,boycott.thewitness,consumer_boycott,,,,,,,,
Carnation,brand,boycott.thewitness,consumer_boycott,,,,,,,,
Carrefour,brand,boycott.thewitness|investigate_afsc,consumer_boycott|occupations,France,Grocery Stores,CA,,Yes,,,
Carte D'Or Ice Creams,brand,boycott.thewitness,consumer_boycott,,,,,,,,
Castro Model Ltd,company,investigate_afsc,occupations,Israel,Apparel Stores,CAST,,Yes,,,
Caterpillar,brand,boycott.thewitness|investigate_afsc,consumer_boycott|occupations|divestment_shortlist,USA,Farm & Construction Equipment,CAT,,Yes,,Yes,
Catsan,brand,boycott.thewitness,consumer_boycott,,,,,,,,
Celebrations,brand,boycott.thewitness,consumer_boycott,,,,,,,,
Celine,brand,boycott.thewitness,consumer_boycott,,,,,,,,
Cellcom Israel Ltd,company,investigate_afsc,occupations|divestment_shortlist,Israel,Telecom Services,CEL,,Yes,,Yes,
Cellebrite DI Ltd,company,investigate_afsc,prisons|occupations|borders|divestment_shortlist,Israel,Software-Infrastructure,CLBT,Yes,Yes,Yes,Yes,
Cemex SAB de CV,company,investigate_afsc,occupations|divestment_shortlist,Mexico,Building Materials,CEMEXCPO,,Yes,,Yes,
Cemtrex Inc,company,investigate_afsc,prisons|borders,USA,Software-Infrastructure,CETX,Yes,,Yes,,
Cerave,brand,boycott.thewitness,consumer_boycott,,,,,,,,
Chanel,brand,boycott.thewitness,consumer_boycott,,,,,,,,
Charmin,brand,boycott.thewitness,consumer_boycott,,,,,,,,
Cheapflights,brand,boycott.thewitness,consumer_boycott,,,,,,,,
Cheerios,brand,boycott.thewitness,consumer_boycott,,,,,,,,
Cheetos,brand,boycott.thewitness,consumer_boycott,,,,,,,,
Chevron Corp,company,investigate_afsc,occupations|divestment_shortlist,USA,Oil & Gas Integrated,CVX,,Yes,,Yes,
Children's Place Inc,company,investigate_afsc,occupations,USA,Apparel Retail,PLCE,,Yes,,,
Chocoladefabriken Lindt & Spruengli AG,company,investigate_afsc,prisons,Switzerland,Confectioners,LISN,Yes,,,,
Cif,brand,boycott.thewitness,consumer_boycott,,,,,,,,
Cisco Systems,company,who_profits|investigate_afsc,occupation_involvement|occupations,USA,Communication Equipment,CSCO,,Yes,,,Settlement Enterprise|Services to the Settlements|Private Security and Surveillance Technology|Specialized Equipment and Services|Population Control
Citizens Financial Group Inc,company,investigate_afsc,prisons|borders|divestment_shortlist,USA,Banks-Regional,CFG,Yes,,Yes,Yes,
Clal Insurance Enterprises Holdings Ltd,company,investigate_afsc,occupations,Israel,Insurance-Diversified,CLIS,,Yes,,,
Clear Blue,brand,boycott.thewitness,consumer_boycott,,,,,,,,
Clinique,brand,boycott.thewitness,consumer_boycott,,,,,,,,
CNH Industrial NV,company,investigate_afsc,occupations,UK,Farm & Construction Equipment,CNHI,,Yes,,,
Coca-Cola,brand,boycott.thewitness|investigate_afsc,consumer_boycott|occupations,USA,Beverages-Non-Alcoholic,KO,,Yes,,,
Coffee Mate,brand,boycott.thewitness,consumer_boycott,,,,,,,,
Colt CZ Group SE,company,investigate_afsc,prisons|occupations|borders|divestment_shortlist,Czech Republic,Aerospace & Defense,CZG,Yes,Yes,Yes,Yes,
Comfort,brand,boycott.thewitness,consumer_boycott,,,,,,,,
Conservative party,brand,boycott.thewitness,consumer_boycott,,,,,,,,
Construcciones y Auxiliar de Ferrocarriles SA,company,investigate_afsc,occupations,Spain,Diversified Industrials,CAF,,Yes,,,
CoreCivic Inc,company,investigate_afsc,prisons|borders|divestment_shortlist,USA,REIT - Diversified,CXW,Yes,,Yes,Yes,
Cornetto Ice Creams,brand,boycott.thewitness,consumer_boycott,,,,,,,,
Costa Coffee,brand,boycott.thewitness,consumer_boycott,,,,,,,,
Costco Wholesale Corp,company,investigate_afsc,prisons,USA,Discount Stores,COST,Yes,,,,
Coty,brand,boycott.thewitness,consumer_boycott,,,,,,,,
Cow & Gate,brand,boycott.thewitness,consumer_boycott,,,,,,,,
Crest Toothpaste,brand,boycott.thewitness,consumer_boycott,,,,,,,,
Curver,brand,boycott.thewitness,consumer_boycott,,,,,,,,
Daim,brand,boycott.thewitness,consumer_boycott,,,,,,,,
Dairy Milk,brand,boycott.thewitness,consumer_boycott,,,,,,,,
Danone,brand,boycott.thewitness,consumer_boycott,,,,,,,,
Danya Cebus Ltd,company,investigate_afsc,occupations|divestment_shortlist,Israel,Engineering & Construction,DNYA,,Yes,,Yes,
Dasani Water,brand,boycott.thewitness,consumer_boycott,,,,,,,,
Delek Group Ltd,company,investigate_afsc,occupations|divestment_shortlist,Israel,Insurance - Diversified,DLEKG,,Yes,,Yes,
Delilah,brand,boycott.thewitness,consumer_boycott,,,,,,,,
Dell,brand,boycott.thewitness,consumer_boycott,,,,,,,,
Dell Technologies Inc,company,investigate_afsc,occupations,USA,Computer Hardware,DELL,,Yes,,,
Delta Galil Industries Ltd,company,investigate_afsc,occupations|divestment_shortlist,Israel,Apparel Manufacturing,DELG,,Yes,,Yes,
Delta Israel Brands Ltd,company,investigate_afsc,occupations|divestment_shortlist,Israel,Apparel Manufacturing,DLTI,,Yes,,Yes,
Desert Diamond,brand,boycott.thewitness,consumer_boycott,,,,,,,,
Diesel Frangrances,brand,boycott.thewitness,consumer_boycott,,,,,,,,
Diet Coke,brand,boycott.thewitness,consumer_boycott,,,,,,,,
Dine,brand,boycott.thewitness,consumer_boycott,,,,,,,,
Dior / Christian Dior,brand,boycott.thewitness,consumer_boycott,,,,,,,,
Disney,brand,boycott.thewitness,consumer_boycott,,,,,,,,
DKNY,brand,boycott.thewitness,consumer_boycott,,,,,,,,
Dogadan,brand,boycott.thewitness,consumer_boycott,,,,,,,,
Dolce Gusto,brand,boycott.thewitness,consumer_boycott,,,,,,,,
Dolmio,brand,boycott.thewitness,consumer_boycott,,,,,,,,
Domestos,brand,boycott.thewitness,consumer_boycott,,,,,,,,
Doosan Bobcat Inc,company,investigate_afsc,occupations,South Korea,Farm & Construction Equipment,241560,,Yes,,,
Doosan Corp,company,investigate_afsc,occupations,South Korea,Conglomerates,150,,Yes,,,
Doosan Enerbility Co Ltd,company,investigate_afsc,occupations,South Korea,Specialty Industrial Machinery,34020,,Yes,,,
Dor Alon Energy In Israel,company,investigate_afsc,occupations|divestment_shortlist,Israel,Oil & Gas Refining & Marketing,DRAL,,Yes,,Yes,
Doritos,brand,boycott.thewitness,consumer_boycott,,,,,,,,
Dove,brand,boycott.thewitness,consumer_boycott,,,,,,,,
Dr Pepper,brand,boycott.thewitness,consumer_boycott,,,,,,,,
DUKE Robotics Corp,company,investigate_afsc,occupations|divestment_shortlist,Israel,Aerospace & Defense,DUKR,,Yes,,Yes,
Eden Springs,brand,boycott.thewitness,consumer_boycott,,,,,,,,
Edreams Odigeo SA,company,investigate_afsc,occupations,Spain,Travel Services,EDR,,Yes,,,
El-Far Electronics Systems,company,who_profits,occupation_involvement,,,,,,,,Settlement Enterprise|Israeli Construction on Occupied Land|Services to the Settlements|The Wall and Checkpoints|Specialized Equipment and Services|Population Control
Elbit Systems,brand,boycott.thewitness|investigate_afsc,consumer_boycott|occupations|borders|divestment_shortlist,Israel,Aerospace & Defense,ESLT,,Yes,Yes,Yes,
Elco Ltd,company,investigate_afsc,occupations|divestment_shortlist,Israel,Conglomerates,ELCO,,Yes,,Yes,
Electra Ltd,company,investigate_afsc,occupations|divestment_shortlist,Israel,Engineering & Construction,ELTR,,Yes,,Yes,
Elevance Health Inc,company,investigate_afsc,prisons,USA,Healthcare Plans,ELV,Yes,,,,
Energix-Renewable Energies Ltd,company,investigate_afsc,occupations|divestment_shortlist,Israel,Utilities - Regulated Electric,ENRG,,Yes,,Yes,
Enjoy Life,brand,boycott.thewitness,consumer_boycott,,,,,,,,
Enlight Renewable Energy Ltd,company,investigate_afsc,occupations,Israel,Utilities - Regulated Electric,ENLT,,Yes,,,
Equifax Inc,company,investigate_afsc,borders,USA,Consulting Services,EFX,,,Yes,,
Espresso House,brand,boycott.thewitness,consumer_boycott,,,,,,,,
Estee Lauder,brand,boycott.thewitness,consumer_boycott,,,,,,,,
eToro,brand,boycott.thewitness,consumer_boycott,,,,,,,,
Evian,brand,boycott.thewitness,consumer_boycott,,,,,,,,
Expedia Group Inc,company,investigate_afsc,occupations,USA,Leisure,EXPE,,Yes,,,
Export Investment Corp Ltd,company,investigate_afsc,occupations|divestment_shortlist,Israel,Banks - Regional - Asia,EXPO,,Yes,,Yes,
Express VPN,brand,boycott.thewitness,consumer_boycott,,,,,,,,
Exxon Mobil Corp,company,investigate_afsc,occupations,USA,Oil & Gas Integrated,XOM,,Yes,,,
F I B I Holding Ltd,company,investigate_afsc,occupations|divestment_shortlist,Israel,Banks - Regional - Asia,FIBIH,,Yes,,Yes,
Facebook,brand,boycott.thewitness,consumer_boycott,,,,,,,,
Fairfax Financial Holdings Ltd,company,investigate_afsc,prisons,Canada,Insurance - Property & Casualty,FFH,Yes,,,,
Fairlife,brand,boycott.thewitness,consumer_boycott,,,,,,,,
Fairy,brand,boycott.thewitness,consumer_boycott,,,,,,,,
Fanta,brand,boycott.thewitness,consumer_boycott,,,,,,,,
Febreze,brand,boycott.thewitness,consumer_boycott,,,,,,,,
Felix,brand,boycott.thewitness,consumer_boycott,,,,,,,,
Fendi,brand,boycott.thewitness,consumer_boycott,,,,,,,,
Fenty Beauty by Rihanna,brand,boycott.thewitness,consumer_boycott,,,,,,,,
Ferrero,brand,boycott.thewitness,consumer_boycott,,,,,,,,
Ferrero Rocher,brand,boycott.thewitness,consumer_boycott,,,,,,,,
First Horizon Corp,company,investigate_afsc,prisons|borders,USA,Banks-Regional,FHN,Yes,,Yes,,
First International Bank of Israel Ltd,company,investigate_afsc,occupations|divestment_shortlist,Israel,Banks-Regional,FIBI,,Yes,,Yes,
First Solar Inc,company,investigate_afsc,occupations,USA,Solar,FSLR,,Yes,,,
Fiverr,brand,boycott.thewitness,consumer_boycott,,,,,,,,
Flash,brand,boycott.thewitness,consumer_boycott,,,,,,,,
Foot Locker Inc,company,investigate_afsc,occupations,USA,Apparel Retail,FL,,Yes,,,
Ford Motor Co,company,investigate_afsc,prisons|occupations|borders,USA,Auto Manufacturers,F,Yes,Yes,Yes,,
Formula Systems (1985) Ltd,company,investigate_afsc,occupations|divestment_shortlist,Israel,Information Technology Services,FORTY,,Yes,,Yes,
Fosun International Ltd,company,investigate_afsc,occupations,China,Insurance - Diversified,656,,Yes,,,
Fox-Wizel Ltd,company,investigate_afsc,occupations,Israel,Apparel Manufacturing,FOX,,Yes,,,
Fuzetea,brand,boycott.thewitness,consumer_boycott,,,,,,,,
G1 Secure Solutions Ltd,company,investigate_afsc,occupations|divestment_shortlist,Israel,Security & Protection Services,GOSS,,Yes,,Yes,
G4S,brand,boycott.thewitness,consumer_boycott,,,,,,,,
Game Fuel,brand,boycott.thewitness,consumer_boycott,,,,,,,,
Garnier,brand,boycott.thewitness,consumer_boycott,,,,,,,,
Gatorade,brand,boycott.thewitness,consumer_boycott,,,,,,,,
GE Aerospace,company,investigate_afsc,occupations|divestment_shortlist,USA,Diversified Industrials,GE,,Yes,,Yes,
Genasys Inc,company,investigate_afsc,occupations|divestment_shortlist,USA,Scientific & Technical Instruments,GNSS,,Yes,,Yes,
General Dynamics Corp,company,investigate_afsc,occupations|borders|divestment_shortlist,USA,Aerospace & Defense,GD,,Yes,Yes,Yes,
General Motors Co,company,investigate_afsc,prisons|occupations|borders,USA,Auto Manufacturers,GM,Yes,Yes,Yes,,
Gillette,brand,boycott.thewitness,consumer_boycott,,,,,,,,
Giorgio Armani Beauty,brand,boycott.thewitness,consumer_boycott,,,,,,,,
Givenchy,brand,boycott.thewitness,consumer_boycott,,,,,,,,
Glaceau Smartwater,brand,boycott.thewitness,consumer_boycott,,,,,,,,
Google,brand,boycott.thewitness,consumer_boycott,,,,,,,,
Granite Construction Inc,company,investigate_afsc,borders|divestment_shortlist,USA,Engineering & Construction,GVA,,,Yes,Yes,
Grenade,brand,boycott.thewitness,consumer_boycott,,,,,,,,
Hadiklaim,brand,boycott.thewitness,consumer_boycott,,,,,,,,
Hadiklaim - Israel Date Growers Cooperativeהדקל,company,who_profits,occupation_involvement,,,,,,,,Settlement Enterprise|Settlement Production
Halls,brand,boycott.thewitness,consumer_boycott,,,,,,,,
Hamat Group Ltd,company,investigate_afsc,occupations,Israel,Home Improvement Stores,HAMAT,,Yes,,,
Hangzhou Hik-Vision Digital Technology Co Ltd,company,investigate_afsc,occupations,China,Computer Hardware,2415,,Yes,,,
Harel Insurance Investments & Financial Services Ltd,company,investigate_afsc,occupations,Israel,Insurance-Diversified,HARL,,Yes,,,
HD Hyundai,company,investigate_afsc,occupations,South Korea,Oil & Gas Refining & Marketing,267250,,Yes,,,
HD Hyundai Heavy Industries,company,investigate_afsc,occupations,South Korea,Aerospace & Defense,329180,,Yes,,,
HD Korea Shipbuilding & Offshore Engineering,company,investigate_afsc,occupations,South Korea,Specialty Industrial Machinery,9540,,Yes,,,
Head and Shoulders,brand,boycott.thewitness,consumer_boycott,,,,,,,,
Heidelberg Materials AG,company,investigate_afsc,occupations|divestment_shortlist,Germany,Building Materials,HEI,,Yes,,Yes,
Hellman's,brand,boycott.thewitness,consumer_boycott,,,,,,,,
Herbal Essences,brand,boycott.thewitness,consumer_boycott,,,,,,,,
Hewlett Packard Enterprise (HPE),company,who_profits,occupation_involvement,,,,,,,,Specialized Equipment and Services|Population Control
Hewlett Packard Enterprise Co,company,investigate_afsc,occupations,USA,Communication Equipment,HPE,,Yes,,,
Hilan Ltd,company,investigate_afsc,occupations,Israel,Information Technology Services,HLAN,,Yes,,,
Hitachi Construction Machinery Co Ltd,company,investigate_afsc,occupations,Japan,Farm & Construction Equipment,6305,,Yes,,,
Hitachi Ltd,company,investigate_afsc,occupations,Japan,Information Technology Services,6501,,Yes,,,
Honda Motor Co Ltd,company,investigate_afsc,borders,Japan,Auto Manufacturers,7267,,,Yes,,
Honeywell International Inc,company,investigate_afsc,occupations|divestment_shortlist,USA,Conglomerates,HON,,Yes,,Yes,
Hotel Chocolat,brand,boycott.thewitness,consumer_boycott,,,,,,,,
HP,brand,boycott.thewitness,consumer_boycott,,,,,,,,
HSBC,brand,boycott.thewitness|investigate_afsc,consumer_boycott|prisons|borders,UK,Banks-Diversified,HSBA,Yes,,Yes,,
Hubba Bubba,brand,boycott.thewitness,consumer_boycott,,,,,,,,
Hublot,brand,boycott.thewitness,consumer_boycott,,,,,,,,
Hyundai,brand,boycott.thewitness,consumer_boycott,,,,,,,,
Hyundai Doosan Infracore Co Ltd,company,investigate_afsc,occupations,South Korea,Farm & Construction Equipment,42670,,Yes,,,
IAMS,brand,boycott.thewitness,consumer_boycott,,,,,,,,
ICL Group Ltd,company,investigate_afsc,occupations,Israel,Agricultural Inputs,ICL,,Yes,,,
Il Makiage,brand,boycott.thewitness,consumer_boycott,,,,,,,,
Indigo Books,brand,boycott.thewitness,consumer_boycott,,,,,,,,
Innocent Smoothies,brand,boycott.thewitness,consumer_boycott,,,,,,,,
Instagram,brand,boycott.thewitness,consumer_boycott,,,,,,,,
Intel,brand,boycott.thewitness,consumer_boycott,,,,,,,,
International Business Machines Corp,company,investigate_afsc,occupations|divestment_shortlist,USA,Information Technology Services,IBM,,Yes,,Yes,
Internet Gold-Golden Lines Ltd,company,investigate_afsc,occupations|divestment_shortlist,Israel,Telecom Services,IGLD-M,,Yes,,Yes,
Israel Discount Bank Ltd,company,investigate_afsc,occupations|divestment_shortlist,Israel,Banks - Regional - Asia,DSCT,,Yes,,Yes,
IT Cosmetics,brand,boycott.thewitness,consumer_boycott,,,,,,,,
JA Solar Technology Co Ltd,company,investigate_afsc,occupations,China,Solar,2459,,Yes,,,
Jaguar,brand,boycott.thewitness,consumer_boycott,,,,,,,,
Jain Irrigation Systems Ltd,company,investigate_afsc,occupations,India,Farm & Heavy Construction Machinery,500219,,Yes,,,
Jo Malone,brand,boycott.thewitness,consumer_boycott,,,,,,,,
Juicy Fruit,brand,boycott.thewitness,consumer_boycott,,,,,,,,
Kardan NV,company,investigate_afsc,occupations|divestment_shortlist,Netherlands,Real Estate - General,KRNV-M,,Yes,,Yes,
Kayak,brand,boycott.thewitness,consumer_boycott,,,,,,,,
KBR Inc,company,investigate_afsc,borders|divestment_shortlist,USA,Engineering & Construction,KBR,,,Yes,Yes,
Kenzo,brand,boycott.thewitness,consumer_boycott,,,,,,,,
Kerastase,brand,boycott.thewitness,consumer_boycott,,,,,,,,
Keter,brand,boycott.thewitness,consumer_boycott,,,,,,,,
KFC,brand,boycott.thewitness,consumer_boycott,,,,,,,,
Kiehl's,brand,boycott.thewitness,consumer_boycott,,,,,,,,
Kilian,brand,boycott.thewitness,consumer_boycott,,,,,,,,
Kinder,brand,boycott.thewitness,consumer_boycott,,,,,,,,
King Solomon,brand,boycott.thewitness,consumer_boycott,,,,,,,,
KitKat,brand,boycott.thewitness,consumer_boycott,,,,,,,,
Knorr,brand,boycott.thewitness,consumer_boycott,,,,,,,,
Kongsberg Gruppen ASA,company,investigate_afsc,occupations|divestment_shortlist,Norway,,KOG,,Yes,,Yes,
Krispy Kreme,brand,boycott.thewitness,consumer_boycott,,,,,,,,
KurKure,brand,boycott.thewitness,consumer_boycott,,,,,,,,
Kylie Cosmetics,brand,boycott.thewitness,consumer_boycott,,,,,,,,
L3Harris Technologies Inc,company,investigate_afsc,occupations|borders|divestment_shortlist,USA,Communication Equipment,LHX,,Yes,Yes,Yes,
La Mer,brand,boycott.thewitness,consumer_boycott,,,,,,,,
La Roche-Posay,brand,boycott.thewitness,consumer_boycott,,,,,,,,
Lab Series,brand,boycott.thewitness,consumer_boycott,,,,,,,,
Labour party,brand,boycott.thewitness,consumer_boycott,,,,,,,,
Lancome,brand,boycott.thewitness,consumer_boycott,,,,,,,,
Land Rover (Range Rover),brand,boycott.thewitness,consumer_boycott,,,,,,,,
Lapidoth Capital Ltd,company,investigate_afsc,occupations|divestment_shortlist,Israel,Oil & Gas E&P,LAPD,,Yes,,Yes,
Lavazza,brand,boycott.thewitness,consumer_boycott,,,,,,,,
Lay's,brand,boycott.thewitness,consumer_boycott,,,,,,,,
Legal & General,brand,boycott.thewitness,consumer_boycott,,,,,,,,
Leidos Holdings Inc,company,investigate_afsc,borders|divestment_shortlist,USA,Information Technology Services,LDOS,,,Yes,Yes,
Lenor,brand,boycott.thewitness,consumer_boycott,,,,,,,,
Leonardo DRS Inc,company,investigate_afsc,occupations|divestment_shortlist,USA,Aerospace & Defense,DRS,,Yes,,Yes,
Leonardo SpA,company,investigate_afsc,occupations|divestment_shortlist,Italy,Aerospace & Defense,LDO,,Yes,,Yes,
Lesico Ltd,company,investigate_afsc,occupations|divestment_shortlist,Israel,Engineering & Construction,LSCO,,Yes,,Yes,
Liberty TripAdvisor Holdings Inc,company,investigate_afsc,occupations,USA,Internet Content & Information,LTRPA,,Yes,,,
Lidl,brand,boycott.thewitness,consumer_boycott,,,,,,,,
Lion,brand,boycott.thewitness,consumer_boycott,,,,,,,,
Lipton,brand,boycott.thewitness,consumer_boycott,,,,,,,,
Lipton Iced Tea,brand,boycott.thewitness,consumer_boycott,,,,,,,,
Lloyds Bank,brand,boycott.thewitness,consumer_boycott,,,,,,,,
Lockheed Martin,brand,boycott.thewitness|investigate_afsc,consumer_boycott|occupations|borders|divestment_shortlist,USA,Aerospace & Defense,LMT,,Yes,Yes,Yes,
Loewe,brand,boycott.thewitness,consumer_boycott,,,,,,,,
Loreal / L'oreal,brand,boycott.thewitness,consumer_boycott,,,,,,,,
Louis Vuitton,brand,boycott.thewitness,consumer_boycott,,,,,,,,
Lux,brand,boycott.thewitness,consumer_boycott,,,,,,,,
LVMH,brand,boycott.thewitness,consumer_boycott,,,,,,,,
Lynx,brand,boycott.thewitness,consumer_boycott,,,,,,,,
M&M's,brand,boycott.thewitness,consumer_boycott,,,,,,,,
MAC Cosmetics,brand,boycott.thewitness,consumer_boycott,,,,,,,,
Magen David Adom,brand,boycott.thewitness,consumer_boycott,,,,,,,,
Maggi,brand,boycott.thewitness,consumer_boycott,,,,,,,,
Magnum Ice Creams,brand,boycott.thewitness,consumer_boycott,,,,,,,,
Maison Francis Kurkdjian,brand,boycott.thewitness,consumer_boycott,,,,,,,,
Maison Margiela Fragrances,brand,boycott.thewitness,consumer_boycott,,,,,,,,
Malam-Team Ltd,company,investigate_afsc,occupations,Israel,Information Technology Services,MLTM,,Yes,,,
Malteasers,brand,boycott.thewitness,consumer_boycott,,,,,,,,
Manitou BF SA,company,investigate_afsc,occupations,France,Diversified Industrials,MTU,,Yes,,,
Marc Jacobs,brand,boycott.thewitness,consumer_boycott,,,,,,,,
Marks and Spencer / M&S,brand,boycott.thewitness,consumer_boycott,,,,,,,,
Mars,brand,boycott.thewitness,consumer_boycott,,,,,,,,
Matrix IT Ltd,company,investigate_afsc,occupations,Israel,Information Technology Services,MTRX,,Yes,,,
Maybelline,brand,boycott.thewitness,consumer_boycott,,,,,,,,
MBDA,brand,boycott.thewitness,consumer_boycott,,,,,,,,
McDonalds,brand,boycott.thewitness|investigate_afsc,consumer_boycott|prisons,USA,Restaurants,MCD,Yes,,,,
Mega Or Holdings Ltd,company,investigate_afsc,occupations|divestment_shortlist,Israel,Real Estate Services,MGOR,,Yes,,Yes,
Mehadrin Ltd,company,investigate_afsc,occupations,Israel,Farm Products,MEDN,,Yes,,,
Menora Mivtachim Holdings Ltd,company,investigate_afsc,occupations,Israel,Insurance-Diversified,MMHD,,Yes,,,
Mercedes Benz,brand,boycott.thewitness,consumer_boycott,,,,,,,,
Mercedes-Benz Group AG,company,investigate_afsc,occupations,Germany,,MBG,,Yes,,,
Meta,brand,boycott.thewitness,consumer_boycott,,,,,,,,
Meta Platforms Inc,company,investigate_afsc,occupations,USA,Internet Content & Information,META,,Yes,,,
Micro Systemation AB,company,investigate_afsc,prisons|borders,Sweden,Software-Application,MSAB B,Yes,,Yes,,
Microsoft,brand,boycott.thewitness|investigate_afsc,consumer_boycott|prisons|occupations|borders,USA,Software - Infrastructure,MSFT,Yes,Yes,Yes,,
Migdal Insurance & Financial Holdings Ltd,company,investigate_afsc,occupations,Israel,Insurance-Life,MGDL,,Yes,,,
Mikado,brand,boycott.thewitness,consumer_boycott,,,,,,,,
Milka,brand,boycott.thewitness,consumer_boycott,,,,,,,,
Milky Way,brand,boycott.thewitness,consumer_boycott,,,,,,,,
Milkybar,brand,boycott.thewitness,consumer_boycott,,,,,,,,
Minerals Technologies Inc,company,investigate_afsc,occupations,USA,Chemicals,MTX,,Yes,,,
Minute Maid,brand,boycott.thewitness,consumer_boycott,,,,,,,,
Mirinda,brand,boycott.thewitness,consumer_boycott,,,,,,,,
MITIE Group PLC,company,investigate_afsc,prisons|divestment_shortlist,UK,Business Services,MTO,Yes,,,Yes,
Mitsubishi Corp,company,investigate_afsc,occupations,Japan,Conglomerates,8058,,Yes,,,
Mitsubishi Motors Corp,company,investigate_afsc,occupations,Japan,Auto Manufacturers,7211,,Yes,,,
Mivne Real Estate (K.D) Ltd,company,investigate_afsc,occupations|divestment_shortlist,Israel,Real Estate Services,MVNE,,Yes,,Yes,
Mizrahi Tefahot Bank Ltd,company,investigate_afsc,occupations|divestment_shortlist,Israel,Banks - Regional - Asia,MZTF,,Yes,,Yes,
ModivCare Inc,company,investigate_afsc,prisons,USA,Medical Care Facilities,MODV,Yes,,,,
Monday.com,brand,boycott.thewitness,consumer_boycott,,,,,,,,
Mondelez,brand,boycott.thewitness,consumer_boycott,,,,,,,,
Monster Energy,brand,boycott.thewitness,consumer_boycott,,,,,,,,
Moovit,brand,boycott.thewitness,consumer_boycott,,,,,,,,
Mordechai Aviv Taasiot Beniyah (1973) Ltd,company,investigate_afsc,occupations|divestment_shortlist,Israel,Engineering & Construction,AVIV,,Yes,,Yes,
MoroccanOil,brand,boycott.thewitness,consumer_boycott,,,,,,,,
Motorola,brand,boycott.thewitness,consumer_boycott,,,,,,,,
Motorola Solutions Inc,company,investigate_afsc,prisons|occupations|borders|divestment_shortlist,USA,Communication Equipment,MSI,Yes,Yes,Yes,Yes,
Mountain Dew,brand,boycott.thewitness,consumer_boycott,,,,,,,,
Movenpick,brand,boycott.thewitness,consumer_boycott,,,,,,,,
Mugler Beauty,brand,boycott.thewitness,consumer_boycott,,,,,,,,
Natuzzi SPA,company,investigate_afsc,occupations,Italy,"Furnishings, Fixtures & Appliances",NTZ,,Yes,,,
NEC Corp,company,investigate_afsc,borders,Japan,Information Technology Services,6701,,,Yes,,
Nescafe,brand,boycott.thewitness,consumer_boycott,,,,,,,,
Nespresso,brand,boycott.thewitness,consumer_boycott,,,,,,,,
Nesquik,brand,boycott.thewitness,consumer_boycott,,,,,,,,
Nestle,brand,boycott.thewitness,consumer_boycott,,,,,,,,
Next,brand,boycott.thewitness,consumer_boycott,,,,,,,,
Nextcom Ltd,company,investigate_afsc,occupations,Israel,Telecom Services,NXTM,,Yes,,,
NICE Ltd,company,investigate_afsc,prisons|divestment_shortlist,Israel,Software-Application,NICE,Yes,,,Yes,
NIOD,brand,boycott.thewitness,consumer_boycott,,,,,,,,
Noon.com,brand,boycott.thewitness,consumer_boycott,,,,,,,,
Northrop Grumman Corp,company,investigate_afsc,occupations|borders|divestment_shortlist,USA,Aerospace & Defense,NOC,,Yes,Yes,Yes,
Nutella,brand,boycott.thewitness,consumer_boycott,,,,,,,,
Nvidia,brand,boycott.thewitness|investigate_afsc,consumer_boycott|occupations,USA,Semiconductors,NVDA,,Yes,,,
NYX Professional Makeup,brand,boycott.thewitness,consumer_boycott,,,,,,,,
Oasis,brand,boycott.thewitness,consumer_boycott,,,,,,,,
Olay,brand,boycott.thewitness,consumer_boycott,,,,,,,,
Old Spice,brand,boycott.thewitness,consumer_boycott,,,,,,,,
One Software Technologies Ltd,company,investigate_afsc,occupations,Israel,Software - Application,ONE,,Yes,,,
OpenAI,brand,boycott.thewitness,consumer_boycott,,,,,,,,
Opentable,brand,boycott.thewitness,consumer_boycott,,,,,,,,
Oracle,brand,boycott.thewitness,consumer_boycott,,,,,,,,
Orad Ltd,company,investigate_afsc,occupations,Israel,Software - Infrastructure,ORAD,,Yes,,,
Oral B,brand,boycott.thewitness,consumer_boycott,,,,,,,,
Orangina,brand,boycott.thewitness,consumer_boycott,,,,,,,,
Orbia Advance Corp SAB de CV,company,investigate_afsc,occupations,Mexico,Chemicals,ORBIA,,Yes,,,
Oreo,brand,boycott.thewitness,consumer_boycott,,,,,,,,
Origins,brand,boycott.thewitness,consumer_boycott,,,,,,,,
Oron Group Investments & Holdings Ltd,company,investigate_afsc,occupations|divestment_shortlist,Israel,Engineering & Construction,ORON,,Yes,,Yes,
Oshkosh Corp,company,investigate_afsc,occupations|divestment_shortlist,USA,Farm & Heavy Construction Machinery,OSK,,Yes,,Yes,
OSI Systems Inc,company,investigate_afsc,occupations|borders,USA,Electronic Components,OSIS,,Yes,Yes,,
Outbrain,brand,boycott.thewitness,consumer_boycott,,,,,,,,
Palantir Technologies Inc,company,investigate_afsc,occupations|borders|divestment_shortlist,USA,Software-Infrastructure,PLTR,,Yes,Yes,Yes,
Pampers,brand,boycott.thewitness,consumer_boycott,,,,,,,,
Pantene,brand,boycott.thewitness,consumer_boycott,,,,,,,,
Papa Johns,brand,boycott.thewitness,consumer_boycott,,,,,,,,
Paramount,brand,boycott.thewitness,consumer_boycott,,,,,,,,
Partner Communications Co Ltd,company,investigate_afsc,occupations|divestment_shortlist,Israel,Telecom Services,PTNR,,Yes,,Yes,
Payoneer,brand,boycott.thewitness,consumer_boycott,,,,,,,,
PayPal Holdings Inc,company,investigate_afsc,occupations,USA,Credit Services,PYPL,,Yes,,,
Paz Retail And Energy Ltd,company,investigate_afsc,occupations|divestment_shortlist,Israel,Oil & Gas Refining & Marketing,PAZ,,Yes,,Yes,
Pedigree,brand,boycott.thewitness,consumer_boycott,,,,,,,,
Peet's Coffee,brand,boycott.thewitness,consumer_boycott,,,,,,,,
Pelephone Communicationsפל,company,who_profits,occupation_involvement,,,,,,,,Settlement Enterprise|Israeli Construction on Occupied Land|Services to the Settlements|Economic Exploitation|Palestinian Captive Market
Pepsi,brand,boycott.thewitness,consumer_boycott,,,,,,,,
Perrier,brand,boycott.thewitness,consumer_boycott,,,,,,,,
Perrigo Co PLC,company,investigate_afsc,occupations,USA,Drug Manufacturers - Specialty & Generic,PRGO,,Yes,,,
Persil,brand,boycott.thewitness,consumer_boycott,,,,,,,,
Philadelphia,brand,boycott.thewitness,consumer_boycott,,,,,,,,
Phoenix Holdings Ltd,company,investigate_afsc,occupations,Israel,Insurance-Diversified,PHOE,,Yes,,,
Piers Morgan,brand,boycott.thewitness,consumer_boycott,,,,,,,,
Pinnacle Financial Partners Inc,company,investigate_afsc,prisons|borders,USA,Banks-Regional,PNFP,Yes,,Yes,,
Pizza Hut,brand,boycott.thewitness,consumer_boycott,,,,,,,,
Polaris Inc,company,investigate_afsc,occupations|borders,USA,Recreational Vehicles,PII,,Yes,Yes,,
Popeyes,brand,boycott.thewitness,consumer_boycott,,,,,,,,
Power Action,brand,boycott.thewitness,consumer_boycott,,,,,,,,
Powerade,brand,boycott.thewitness,consumer_boycott,,,,,,,,
Prada Beauty,brand,boycott.thewitness,consumer_boycott,,,,,,,,
Pret-a-manger,brand,boycott.thewitness,consumer_boycott,,,,,,,,
Priceline,brand,boycott.thewitness,consumer_boycott,,,,,,,,
Primo Water Corp,company,investigate_afsc,occupations|divestment_shortlist,Canada,Beverages-Non-Alcoholic,PRMW,,Yes,,Yes,
Procter & Gamble,brand,boycott.thewitness,consumer_boycott,,,,,,,,
Puma,brand,boycott.thewitness,consumer_boycott,,,,,,,,
Pure Life,brand,boycott.thewitness,consumer_boycott,,,,,,,,
Purina,brand,boycott.thewitness,consumer_boycott,,,,,,,,
Quaker Oats,brand,boycott.thewitness,consumer_boycott,,,,,,,,
Quality Street,brand,boycott.thewitness,consumer_boycott,,,,,,,,
Ralph Lauren Frangrances,brand,boycott.thewitness,consumer_boycott,,,,,,,,
Rami Levi Chain Stores Hashikma Marketing 2006 Ltd,company,investigate_afsc,occupations|divestment_shortlist,Israel,Grocery Stores,RMLI,,Yes,,Yes,
Rani,brand,boycott.thewitness,consumer_boycott,,,,,,,,
Rapunzel,brand,boycott.thewitness,consumer_boycott,,,,,,,,
Rapyd,brand,boycott.thewitness,consumer_boycott,,,,,,,,
Rare Beauty by Selena Gomez,brand,boycott.thewitness,consumer_boycott,,,,,,,,
Raytheon,brand,boycott.thewitness,consumer_boycott,,,,,,,,
RBS,brand,boycott.thewitness,consumer_boycott,,,,,,,,
RE/MAX Holdings Inc,company,investigate_afsc,occupations,USA,Real Estate Services,RMAX,,Yes,,,
Regions Financial Corp,company,investigate_afsc,prisons|borders|divestment_shortlist,USA,Banks-Regional,RF,Yes,,Yes,Yes,
RELX PLC,company,investigate_afsc,prisons|borders,UK,Publishing,REL,Yes,,Yes,,
RENK Group AG,company,investigate_afsc,occupations|divestment_shortlist,Germany,Specialty Industrial Machinery,R3NK,,Yes,,Yes,
Rentalcars.com,brand,boycott.thewitness,consumer_boycott,,,,,,,,
Restaurant Brands International Inc,company,investigate_afsc,prisons,Canada,Restaurants,QSR,Yes,,,,
Rexona,brand,boycott.thewitness,consumer_boycott,,,,,,,,
Ritz,brand,boycott.thewitness,consumer_boycott,,,,,,,,
River Island,brand,boycott.thewitness,consumer_boycott,,,,,,,,
RLI Corp,company,investigate_afsc,prisons|borders,USA,Insurance - Property & Casualty,RLI,Yes,,Yes,,
Roche Bobois SA,company,investigate_afsc,occupations,France,"Furnishings, Fixtures & Appliances",RBO,,Yes,,,
Rockstar Energy,brand,boycott.thewitness,consumer_boycott,,,,,,,,
Rolls-Royce Holdings PLC,company,investigate_afsc,occupations|divestment_shortlist,UK,Aerospace & Defense,RR.,,Yes,,Yes,
Roots Sustainable Agricultural Technologies Ltd,company,investigate_afsc,occupations,Israel,Farm & Heavy Construction Machinery,ROOO,,Yes,,,
Rotshtein Realestate Ltd,company,investigate_afsc,occupations|divestment_shortlist,Israel,Residential Construction,ROTS,,Yes,,Yes,
Royal Canin,brand,boycott.thewitness,consumer_boycott,,,,,,,,
RTX Corp,company,investigate_afsc,occupations|borders|divestment_shortlist,USA,Aerospace & Defense,RTX,,Yes,Yes,Yes,
S.Pellegrino,brand,boycott.thewitness,consumer_boycott,,,,,,,,
Sabra,brand,boycott.thewitness,consumer_boycott,,,,,,,,
Sadaf Foods,brand,boycott.thewitness,consumer_boycott,,,,,,,,
Sadia Foods,brand,boycott.thewitness,consumer_boycott,,,,,,,,
Salesforce Inc,company,investigate_afsc,borders,USA,Software-Application,CRM,,,Yes,,
Salomon A. Angel Ltd,company,investigate_afsc,occupations|divestment_shortlist,Israel,Confectioners,ANGL,,Yes,,Yes,
SAP,brand,boycott.thewitness,consumer_boycott,,,,,,,,
Schweppes,brand,boycott.thewitness|boycott.thewitness,consumer_boycott,,,,,,,,
Science Applications International Corp,company,investigate_afsc,borders|divestment_shortlist,USA,Information Technology Services,SAIC,,,Yes,Yes,
Scotia Bank,brand,boycott.thewitness,consumer_boycott,,,,,,,,
Sephora,brand,boycott.thewitness,consumer_boycott,,,,,,,,
Serco Group PLC,company,investigate_afsc,prisons|divestment_shortlist,UK,Business Services,SRP,Yes,,,Yes,
Seven Seas,brand,boycott.thewitness,consumer_boycott,,,,,,,,
Shake Shack,brand,boycott.thewitness,consumer_boycott,,,,,,,,
Shams,brand,boycott.thewitness,consumer_boycott,,,,,,,,
Shapir Engineering and Industry Ltd,company,investigate_afsc,occupations,Israel,Engineering & Construction,SPEN,,Yes,,,
Shikun & Binui Ltd,company,investigate_afsc,occupations|divestment_shortlist,Israel,Engineering & Construction,SKBN,,Yes,,Yes,
Shredded Wheat,brand,boycott.thewitness,consumer_boycott,,,,,,,,
Shreddies,brand,boycott.thewitness,consumer_boycott,,,,,,,,
Shufersal Ltd,company,investigate_afsc,occupations|divestment_shortlist,Israel,Grocery Stores,SAE,,Yes,,Yes,
Shunfeng International Clean Energy Ltd,company,investigate_afsc,occupations|divestment_shortlist,China,Solar,1165,,Yes,,Yes,
Siemens,brand,boycott.thewitness|investigate_afsc,consumer_boycott|occupations,Germany,Diversified Industrials,SIE,,Yes,,,
Simply Beverages,brand,boycott.thewitness,consumer_boycott,,,,,,,,
Skechers,brand,boycott.thewitness,consumer_boycott,,,,,,,,
Skims,brand,boycott.thewitness,consumer_boycott,,,,,,,,
Skittles,brand,boycott.thewitness,consumer_boycott,,,,,,,,
SMA Solar Technology AG,company,investigate_afsc,occupations,Germany,Solar,S92,,Yes,,,
Smarties,brand,boycott.thewitness,consumer_boycott,,,,,,,,
Smartwater,brand,boycott.thewitness,consumer_boycott,,,,,,,,
Smiths Group PLC,company,investigate_afsc,borders,UK,Diversified Industrials,SMIN,,,Yes,,
Snickers,brand,boycott.thewitness,consumer_boycott,,,,,,,,
SodaStream,brand,boycott.thewitness,consumer_boycott,,,,,,,,
Sodexo,company,investigate_afsc,prisons|divestment_shortlist,France,Business Services,SW,Yes,,,Yes,
SolarEdge Technologies Inc,company,investigate_afsc,occupations,Israel,Solar,SEDG,,Yes,,,
Solvay SA,company,investigate_afsc,occupations,Belgium,Chemicals,SOLB,,Yes,,,
Sony Group Corp,company,investigate_afsc,occupations,Japan,Consumer Electronics,6758,,Yes,,,
Sour Patch Kids,brand,boycott.thewitness,consumer_boycott,,,,,,,,
Sprite,brand,boycott.thewitness,consumer_boycott,,,,,,,,
Spyglass Media Group,brand,boycott.thewitness,consumer_boycott,,,,,,,,
Standard Life,brand,boycott.thewitness,consumer_boycott,,,,,,,,
Starbucks,brand,boycott.thewitness,consumer_boycott,,,,,,,,
STELLA by Stella McCartney,brand,boycott.thewitness,consumer_boycott,,,,,,,,
Sturm Ruger & Co Inc,company,investigate_afsc,prisons|occupations|divestment_shortlist,USA,Aerospace & Defense,RGR,Yes,Yes,,Yes,
Sudocrem,brand,boycott.thewitness,consumer_boycott,,,,,,,,
Sun Corp,company,investigate_afsc,prisons|borders|divestment_shortlist,Japan,Consumer Electronics,6736,Yes,,Yes,Yes,
SuperCom Ltd,company,investigate_afsc,prisons|divestment_shortlist,Israel,Security & Protection Services,SPCB,Yes,,,Yes,
Surf,brand,boycott.thewitness,consumer_boycott,,,,,,,,
Synovus Financial Corp,company,investigate_afsc,prisons|borders,USA,Banks-Regional,SNV,Yes,,Yes,,
Taboola,brand,boycott.thewitness,consumer_boycott,,,,,,,,
Taco Bell,brand,boycott.thewitness,consumer_boycott,,,,,,,,
TAG Heuer,brand,boycott.thewitness,consumer_boycott,,,,,,,,
Tampax,brand,boycott.thewitness,consumer_boycott,,,,,,,,
Tang,brand,boycott.thewitness,consumer_boycott,,,,,,,,
Target Corp,company,investigate_afsc,prisons,USA,Discount Stores,TGT,Yes,,,,
Target Hospitality Corp,company,investigate_afsc,prisons|borders|divestment_shortlist,USA,Conglomerates,TH,Yes,,Yes,Yes,
Taro Pharmaceutical Industries Ltd,company,investigate_afsc,occupations,Israel,Drug Manufacturers - Specialty & Generic,TARO,,Yes,,,
Tata Motors Ltd,company,investigate_afsc,occupations,India,Auto Manufacturers,TATAMOTORS,,Yes,,,
Ted Baker,brand,boycott.thewitness,consumer_boycott,,,,,,,,
Teledyne Technologies Inc,company,investigate_afsc,borders|divestment_shortlist,USA,Scientific & Technical Instruments,TDY,,,Yes,Yes,
Temptations,brand,boycott.thewitness,consumer_boycott,,,,,,,,
Tempur Sealy International Inc,company,investigate_afsc,occupations,USA,"Furnishings, Fixtures & Appliances",TPX,,Yes,,,
Tera Light Ltd,company,investigate_afsc,occupations,Israel,Utilities-Renewable,TRLT,,Yes,,,
Terex Corp,company,investigate_afsc,occupations,USA,Farm & Construction Equipment,TEX,,Yes,,,
Tesco,brand,boycott.thewitness,consumer_boycott,,,,,,,,
Teva Pharmaceutical Industries Ltd,company,investigate_afsc,occupations,Israel,Drug Manufacturers - Specialty & Generic,TEVA,,Yes,,,
Teva Pharmaceuticals,brand,boycott.thewitness,consumer_boycott,,,,,,,,
Textron Inc,company,investigate_afsc,occupations|borders|divestment_shortlist,USA,Aerospace & Defense,TXT,,Yes,Yes,Yes,
Thales,company,investigate_afsc,borders,France,Aerospace & Defense,HO,,,Yes,,
The Carlyle Group Inc,company,investigate_afsc,borders|divestment_shortlist,USA,Software-Application,CG,,,Yes,Yes,
The GEO Group Inc,company,investigate_afsc,prisons|borders|divestment_shortlist,USA,REIT - Healthcare Facilities,GEO,Yes,,Yes,Yes,
The Kroger Co,company,investigate_afsc,prisons,USA,Grocery Stores,KR,Yes,,,,
The Ordinary,brand,boycott.thewitness,consumer_boycott,,,,,,,,
The Wendy's Co,company,investigate_afsc,prisons,USA,Restaurants,WEN,Yes,,,,
The Western Union Co,company,investigate_afsc,prisons,USA,Credit Services,WU,Yes,,,,
Themis GREN Ltd,company,investigate_afsc,occupations|divestment_shortlist,Israel,Real Estate Services,TMIS,,Yes,,Yes,
Thermo Fisher Scientific Inc,company,investigate_afsc,borders,USA,Diagnostics & Research,TMO,,,Yes,,
Thomson Reuters Corp,company,investigate_afsc,prisons|borders|divestment_shortlist,Canada,Capital Markets,TRI,Yes,,Yes,Yes,
thyssenkrupp AG,company,investigate_afsc,occupations|divestment_shortlist,Germany,Metal Fabrication,TKA,,Yes,,Yes,
Tic Tac,brand,boycott.thewitness,consumer_boycott,,,,,,,,
Tide,brand,boycott.thewitness,consumer_boycott,,,,,,,,
Tiffany & Co.,brand,boycott.thewitness,consumer_boycott,,,,,,,,
Tigbur- Temporary Professional Personnel Ltd,company,investigate_afsc,occupations|divestment_shortlist,Israel,Staffing & Outsourcing Services,TIGBUR,,Yes,,Yes,
Tim Hortons,brand,boycott.thewitness,consumer_boycott,,,,,,,,
TKH Group NV,company,investigate_afsc,occupations,Netherlands,,TWEKA,,Yes,,,
Toblerone,brand,boycott.thewitness,consumer_boycott,,,,,,,,
Tom Ford Beauty,brand,boycott.thewitness,consumer_boycott,,,,,,,,
Too Faced,brand,boycott.thewitness,consumer_boycott,,,,,,,,
Tory Burch,brand,boycott.thewitness,consumer_boycott,,,,,,,,
Toyota Motor Corp,company,investigate_afsc,occupations,Japan,Auto Manufacturers,7203,,Yes,,,
Track Group Inc,company,investigate_afsc,prisons,USA,Scientific & Technical Instruments,TRCK,Yes,,,,
TransUnion,company,investigate_afsc,borders,USA,Consulting Services,TRU,,,Yes,,
Traton SE,company,investigate_afsc,occupations,Germany,Farm & Heavy Construction Machinery,8TRA,,Yes,,,
Tresemme,brand,boycott.thewitness,consumer_boycott,,,,,,,,
TripAdvisor Inc,company,investigate_afsc,occupations,USA,Leisure,TRIP,,Yes,,,
Tropicana,brand,boycott.thewitness,consumer_boycott,,,,,,,,
Twix,brand,boycott.thewitness,consumer_boycott,,,,,,,,
Tyson Foods Inc,company,investigate_afsc,prisons,USA,Farm Products,TSN,Yes,,,,
Unicef,brand,boycott.thewitness,consumer_boycott,,,,,,,,
Unilever,brand,boycott.thewitness,consumer_boycott,,,,,,,,
Urban Decay,brand,boycott.thewitness,consumer_boycott,,,,,,,,
Valentino Beauty,brand,boycott.thewitness,consumer_boycott,,,,,,,,
Valero Energy Corp,company,investigate_afsc,occupations|divestment_shortlist,USA,Oil & Gas Refining & Marketing,VLO,,Yes,,Yes,
Venus,brand,boycott.thewitness,consumer_boycott,,,,,,,,
Viber,brand,boycott.thewitness,consumer_boycott,,,,,,,,
Vicks,brand,boycott.thewitness,consumer_boycott,,,,,,,,
Victorias Secret,brand,boycott.thewitness,consumer_boycott,,,,,,,,
Viktor & Rolf Beauty,brand,boycott.thewitness,consumer_boycott,,,,,,,,
Villar International Ltd,company,investigate_afsc,occupations,Israel,Real Estate Services,VILR,,Yes,,,
Vinci SA,company,investigate_afsc,occupations,France,Engineering & Construction,DG,,Yes,,,
Virco Manufacturing Corp,company,investigate_afsc,prisons,USA,"Furnishings, Fixtures & Appliances",VIRC,Yes,,,,
Visa,brand,boycott.thewitness,consumer_boycott,,,,,,,,
Vitaminwater,brand,boycott.thewitness,consumer_boycott,,,,,,,,
Vittel,brand,boycott.thewitness,consumer_boycott,,,,,,,,
Volkswagen AG,company,investigate_afsc,occupations,Germany,Auto Manufacturers,VOW3,,Yes,,,
Volvic,brand,boycott.thewitness,consumer_boycott,,,,,,,,
Volvo AB,company,investigate_afsc,occupations,Sweden,Truck Manufacturing,VOLV A,,Yes,,,
Volvo Heavy Machinery,brand,boycott.thewitness,consumer_boycott,,,,,,,,
Walkers,brand,boycott.thewitness,consumer_boycott,,,,,,,,
Walls Ice Creams,brand,boycott.thewitness,consumer_boycott,,,,,,,,
Walmart,brand,boycott.thewitness|investigate_afsc,consumer_boycott|prisons,USA,Discount Stores,WMT,Yes,,,,
Waze,brand,boycott.thewitness,consumer_boycott,,,,,,,,
Wells Fargo,brand,boycott.thewitness,consumer_boycott,,,,,,,,
Whiskas,brand,boycott.thewitness,consumer_boycott,,,,,,,,
Wix,brand,boycott.thewitness,consumer_boycott,,,,,,,,
Woodward Inc,company,investigate_afsc,occupations|divestment_shortlist,USA,Aerospace & Defense,WWD,,Yes,,Yes,
Wrigley's Extra,brand,boycott.thewitness,consumer_boycott,,,,,,,,
WSP Global Inc,company,investigate_afsc,occupations,Canada,Engineering & Construction,WSP,,Yes,,,
Wyndham Hotels & Resorts Inc,company,investigate_afsc,occupations,USA,Lodging,WH,,Yes,,,
Ya'Acobi Brothers Group(YSB) Ltd,company,investigate_afsc,occupations,Israel,Engineering & Construction,YAAC,,Yes,,,
Yamaha Motor Co Ltd,company,investigate_afsc,borders,Japan,Auto Manufacturers,7272,,,Yes,,
Yum Brands Inc,company,investigate_afsc,prisons,USA,Restaurants,YUM,Yes,,,,
Yum Foods,brand,boycott.thewitness,consumer_boycott,,,,,,,,
Yves Saint Laurent Beauty / YSL Beauty,brand,boycott.thewitness,consumer_boycott,,,,,,,,
Z M H Hammerman Ltd,company,investigate_afsc,occupations|divestment_shortlist,Israel,Real Estate Services,ZMH,,Yes,,Yes,
Zara,brand,boycott.thewitness,consumer_boycott,,,,,,,,
ZIM Integrated Shipping Services Ltd,company,investigate_afsc,occupations,Israel,Marine Shipping,ZIM,,Yes,,,
